Rank,TeamId,TeamName,LastSubmissionDate,Score,SubmissionCount,TeamMemberUserNames
1,15891270,SaintLouis,"2026-06-08 04:40:46",5.986,71,"alexbstl,garink,ryanstoner"
2,15873784,Ruby,"2026-06-06 13:46:49",6.487,4,w5833946
3,15868731,"Tucker Arrants","2026-06-07 17:46:11",6.650,88,tuckerarrants
4,16005422,"Mr RRR","2026-06-08 01:42:15",6.886,131,"larrylin666,timkrige,wanrongyang,williamwu88"
5,16237316,PirateInPants,"2026-06-08 03:21:27",7.026,11,priyanshujain32
6,16059053,TheLightIs,"2026-06-07 00:36:33",7.058,33,thelightis
7,16067128,myominhtet_wnp,"2026-06-07 22:39:24",7.066,30,myominhtet
8,16086035,WhereAmI,"2026-06-06 06:27:12",7.069,26,jamerrys
9,15881299,"Jacoby Jaeger","2026-06-06 19:32:56",7.079,19,jacobyjaeger
10,16111443,Jack,"2026-06-06 21:14:54",7.185,20,jackvd
11,15863682,"Chris Deotte","2026-06-07 13:00:30",7.191,95,cdeotte
12,16197569,"Justin Kimlim","2026-06-07 10:42:32",7.208,17,justinkimlim
13,16153866,akmr,"2026-06-06 00:13:58",7.309,24,akimaru
14,15876549,NocturneBflat,"2026-06-07 15:18:52",7.328,55,nocturnebflat123
15,16033068,"zhuo wamg","2026-06-07 09:58:01",7.431,59,"zhuowamg,znwe342"
16,15897055,tereka,"2026-06-06 13:51:08",7.469,44,tereka
17,16097001,ImperfectKitto,"2026-06-07 23:40:29",7.479,41,defdet
18,16037776,"James Day","2026-06-06 18:22:59",7.499,20,jsday96
19,16066260,"Sam #3","2026-06-07 19:35:32",7.512,45,beartrader
20,16063864,"Gert dal Pozzo","2026-06-07 20:16:54",7.517,10,steubk
21,16211055,"Yannan Chen","2026-06-08 04:24:07",7.563,16,yannan90
22,15869339,"VIbes & Wellbore Trade-Off","2026-06-08 05:33:19",7.573,83,"cody11null,cudacoding,mahdiseddigh,shanzhong8,tom99763"
23,15869111,"Sadam Torres","2026-06-07 18:33:59",7.629,23,sadamtorres
24,16240607,"Paul Kamau","2026-06-08 02:37:32",7.644,14,paulnkamau
25,16081120,msd0110,"2026-06-08 01:13:22",7.660,29,msd0110
26,16225686,yingfali,"2026-06-08 02:48:40",7.684,22,yingfali
27,16053842,"Bihani Bros.","2026-06-07 20:48:08",7.688,28,"abhishekdbihani,anuragbihani"
28,15953831,mitubant,"2026-06-08 01:32:08",7.689,69,mitubant
29,16249373,"glory steady go!","2026-06-07 18:45:24",7.690,6,"marynaborovska,yuriygreben"
30,16125235,"shogo aso","2026-06-08 02:07:00",7.725,9,shogoaso
31,15872188,"Sanidhya Vijay24","2026-06-07 18:15:25",7.727,22,sanidhyavijay24
32,15926813,Artem1410,"2026-06-07 08:23:33",7.729,7,anazemcev
33,15913442,vanKoha,"2026-06-07 03:36:47",7.742,55,kohasama
34,15889958,"Pirates of Python","2026-06-07 16:37:50",7.743,82,"aliakash404,rayanbabur"
35,16060288,"Hirotaka Nomoto","2026-06-07 23:06:05",7.743,57,morinokuma3
36,16247473,"Siripongsa Akarawatthanawanit","2026-06-07 16:01:50",7.746,6,siripongsaa
37,15880214,"Kun Zhang","2026-06-08 03:07:43",7.748,98,beicicc
38,15866343,"Pilkwang Kim","2026-06-08 00:01:29",7.748,98,pilkwang
39,16063343,nori8774,"2026-06-07 13:22:02",7.751,27,norimasayamamoto
40,15898881,Mitch,"2026-06-05 21:33:55",7.752,17,mitchgansemer
41,16040913,"Mattias Fagerlund","2026-06-08 05:44:48",7.753,68,mfagerlund
42,16247988,tekitouda777,"2026-06-08 01:45:54",7.754,9,tekitouda777
43,16100459,Qinghchen,"2026-06-08 04:20:25",7.756,4,qinghchen
44,15881206,KW,"2026-06-07 10:31:23",7.757,33,kazuwhite
45,16011349,radmirkaz,"2026-06-05 10:18:23",7.763,31,hijest
46,16062251,Muhandro,"2026-06-07 22:55:44",7.768,3,muhandro
47,15940821,"Ertuğrul Demir","2026-06-07 09:52:40",7.769,38,datafan07
48,15863858,Will,"2026-06-07 08:48:23",7.769,46,wguesdon
49,15872296,"Ozan M.","2026-06-07 18:32:47",7.769,102,analyticaobscura
50,16238544,JAEMIN,"2026-06-07 12:53:57",7.769,12,jaemin3404
51,16244064,Arunodhayan,"2026-06-08 06:44:38",7.771,9,arunodhayan
52,15874430,"Emre Cirak","2026-06-07 16:07:37",7.772,79,biohack44
53,15864245,"Vladislav Lavrentev","2026-06-07 16:38:23",7.776,14,lightningv08
54,16221885,"Mumtahina Ambrin","2026-06-07 12:05:44",7.777,5,mmummmm
55,16144911,"Heart of Electronics","2026-06-07 13:44:32",7.777,10,lenthty
56,15891175,Theta,"2026-06-07 00:01:27",7.778,31,"antonoof,markslavin"
57,15927222,mandinka_warrior,"2026-06-08 04:00:51",7.786,16,habibbayo93
58,15880417,没落者,"2026-06-07 23:50:20",7.791,100,needless090
59,16018441,"a little fat","2026-06-07 06:08:07",7.792,21,wulixuejia12
60,15867586,"Steven Anctil","2026-06-08 02:01:24",7.793,11,stevenanctil
61,16070865,"Filip Strzałka","2026-06-07 23:41:38",7.795,46,snufkin77
62,15870202,"Vishal Kishore","2026-06-07 02:04:52",7.795,67,kishorevishal
63,16208162,YYH,"2026-06-07 04:36:31",7.797,1,kagger3
64,15889947,"Salah Ibrahiemu","2026-06-07 20:08:22",7.798,39,salahibrahiemu
65,15866433,"Pavlo Ivanin","2026-06-07 09:12:29",7.798,66,pavloivanin
66,15865046,hengck23,"2026-06-07 23:45:06",7.800,21,hengck23
67,15866421,F.A.Nina,"2026-06-08 00:45:46",7.801,37,nina2025
68,15863943,rethinking...,"2026-06-06 05:11:22",7.801,113,artgor
69,15881237,galaxy2025,"2026-06-08 01:17:17",7.801,30,galaxy2025
70,16061834,CQUPT,"2026-06-08 03:05:41",7.801,55,"ljx59141421,ruizhecui"
71,16199558,i-aztec,"2026-06-07 22:34:09",7.805,3,iaztec
72,15881195,Dr_F,"2026-06-07 23:59:48",7.805,35,algebraictopology
73,15887902,"Kurian George","2026-06-07 11:58:38",7.806,90,kuriangeorge
74,15873455,"Duong Nguyen","2026-06-07 08:35:06",7.807,6,nguyncdngs
75,15931595,WannaCry,"2026-06-07 21:20:17",7.807,32,yaroslavkholmirzayev
76,15890899,"Yash Yadav","2026-06-07 18:06:00",7.810,3,yash2072005
77,15865665,fle3n,"2026-06-07 17:53:12",7.810,27,fleongg
78,15975616,"Misaka Mikoto66","2026-06-07 16:36:47",7.811,44,misakamikoto66
79,15869295,MengYe,"2026-06-08 02:48:57",7.811,12,konohayui
80,15942866,"Misha Shikhov","2026-06-07 20:33:27",7.811,50,mishashikhov
81,16029058,anngle,"2026-06-08 02:41:30",7.812,31,anngle
82,15870798,"Samith Chimminiyan","2026-06-07 18:22:23",7.812,22,samithsachidanandan
83,15983499,"Osman Bayram","2026-06-08 00:02:23",7.817,94,osman0
84,15894687,"Dmitry Kozlov","2026-06-08 01:13:25",7.817,25,dkozlov
85,15866967,kglctf,"2026-06-07 22:34:31",7.822,113,kglctf
86,16092356,"Akshat Rai","2026-06-06 19:12:23",7.823,6,akshatrai07
87,16116123,"xiangkai Tang","2026-06-07 09:12:08",7.825,9,xiangkaitang
88,16066984,"SAMIUL ISLAM","2026-06-07 18:18:11",7.825,8,samiulislam180041221
89,15996583,"Hu Xingyu","2026-06-08 03:13:48",7.826,21,huxingyu
90,16076397,"Sri Yogesh","2026-06-08 01:07:53",7.828,8,yogesh94
91,16262526,nkn079,"2026-06-08 01:42:15",7.830,1,nkn079
92,15910775,"Takumi Sakai","2026-06-08 03:15:02",7.831,45,takumi0220
93,15878067,Ayodeji,"2026-06-08 02:53:47",7.831,129,ayodejiibrahimlateef
94,16220469,PursueML,"2026-06-08 02:18:17",7.831,10,pursueml
95,16211435,GMMMMM,"2026-06-08 02:48:28",7.832,13,wkcwkc
96,15975853,"Sourish Kumar Dutta","2026-06-06 19:24:12",7.837,3,sourishkumardutta
97,16024737,goldgoldgold,"2026-06-07 15:36:34",7.838,37,"anranflavia,friedmanstepthen,gcfbit,some123e23,sqqs123"
98,16162057,"Andrey Chankin","2026-06-07 18:11:08",7.838,2,bluepill
99,15918238,wohoo!,"2026-06-07 22:28:53",7.839,80,sarpal465
100,16241815,"opus 5.2","2026-06-08 03:32:34",7.840,16,kunal808
101,15873274,Virtute,"2026-06-08 01:53:14",7.841,117,nameless001
102,15875462,Jim879793123,"2026-06-07 11:46:01",7.841,22,"asdefrghjklm,jim879793123,lemonwu"
103,15934164,NaSH,"2026-06-07 08:10:27",7.841,27,nabilalagi
104,15868879,Homii_N,"2026-06-07 23:02:58",7.841,9,homeshwarrao
105,15865506,除了光以外,"2026-06-07 18:35:39",7.849,26,exceptlight
106,15896677,"Jiachen Li","2026-06-07 10:01:05",7.850,5,llccqq624
107,15865057,GeoSLAM,"2026-06-07 19:22:27",7.850,58,iwilldoit
108,16049949,"Kohei Shintani","2026-06-08 00:02:51",7.851,67,kshintani
109,15864173,"Charismatic Pizza Party🍕","2026-06-08 03:33:58",7.852,27,debugendless
110,16040497,Kuni05,"2026-06-07 16:15:32",7.853,32,kuni05
111,15905248,Yusuke,"2026-06-07 17:26:08",7.853,6,yusuketosa
112,16256970,"Nhat Minh","2026-06-08 01:20:15",7.854,2,phmnhtminhuet
113,16053906,"Dmitriy Ch","2026-06-07 23:27:51",7.855,56,dmitriych
114,16050878,Zulqar,"2026-06-07 19:43:56",7.856,3,johndoe2011
115,15871045,today,"2026-06-07 23:19:52",7.857,105,today55
116,15909327,"GAURAV PARKHEDKAR","2026-06-07 15:40:20",7.857,10,gauravparkhedkar
117,15864127,AidenSong123,"2026-06-07 12:09:08",7.857,44,aidensong123
118,15871281,"Mathurin Ache","2026-06-07 18:50:59",7.859,75,mathurinache
119,16260886,Hack2Publish,"2026-06-07 17:51:01",7.859,1,"esfersami50,hosen42,tarekrahman82"
120,15981306,"jiashuo Ma","2026-06-07 03:41:13",7.859,24,ooo876
121,15866574,Praxel,"2026-06-07 06:38:18",7.859,112,praxel
122,15879311,"Shubham Sahu2003","2026-06-08 00:33:13",7.860,96,shubhamsahu2003
123,16111335,uesi,"2026-06-07 11:45:20",7.860,29,uemura687
124,15974412,Patrick,"2026-06-07 10:13:29",7.862,2,patricklaokul
125,15867311,test_tvt,"2026-06-07 10:55:58",7.862,99,michaelsemenoff
126,16256533,tokawa2997,"2026-06-07 13:57:41",7.862,5,tokawa2997
127,16075900,萤火2018,"2026-06-08 00:13:04",7.862,24,aiwody
128,16093047,"Tony Li","2026-06-07 21:58:40",7.864,11,tonylica
129,16204657,"Abdullah Kazimov","2026-06-04 16:10:34",7.864,4,abdullahkazimov8
130,16257275,RuiKimura4,"2026-06-07 09:23:29",7.865,1,ruikimura4
131,15867607,"Well Trained","2026-06-08 04:07:36",7.866,126,helloworld78
132,15884480,Holar,"2026-06-06 15:47:53",7.866,65,holar9
133,15885215,"Vicens Gaitan","2026-06-04 17:15:36",7.867,50,vicensgaitan
134,15878822,"Croft Adams","2026-06-07 09:32:03",7.868,49,croftadams
135,16082069,Jasper.xs,"2026-06-07 04:09:49",7.868,19,jasperxs
136,15929524,"Restu Anggoro Kasih","2026-06-07 16:44:32",7.869,6,restuanggorokasih
137,15920909,"lin xiang sun1145","2026-06-07 14:17:28",7.871,40,linxiangsun1145
138,16260621,"Muhammad Ibrahim Qasmi","2026-06-08 03:06:37",7.872,6,ibrahimqasimi
139,15886266,"Ifeoluwa Adewumi","2026-06-07 22:38:14",7.872,19,ifeadewumi
140,16249944,TensorRT,"2026-06-08 01:57:53",7.873,3,batchevall
141,16175904,afsaffs,"2026-06-07 15:33:39",7.874,1,afsaffs
142,16233762,"Sasha Turutin","2026-06-07 10:54:21",7.874,6,alturutin
143,15866056,"Ceylon Drill Team","2026-06-07 17:43:18",7.877,24,"amandiudawatta,kanchana1990"
144,16024377,moth,"2026-06-08 01:21:17",7.877,12,alejopaullier
145,16255718,yukio,"2026-06-07 23:53:37",7.878,1,yukioseki
146,16221819,"B. Zhang","2026-06-06 11:12:44",7.878,14,muonchaser
147,16100204,"Asan Ashirov","2026-06-07 16:35:44",7.879,8,asanashirov
148,16132535,AkiraIshikawa,"2026-06-07 14:38:25",7.880,7,akiraishikawa
149,16150473,"Yusupov Shokhrukh","2026-06-08 00:00:33",7.880,23,trf097
150,15870748,DMR-478,"2026-06-08 01:54:40",7.880,37,rakbidb
151,16114178,"Handa WANG","2026-06-08 00:35:54",7.881,50,handawang
152,16213376,OpPrime,"2026-06-07 20:26:53",7.881,12,farshidamira
153,16098234,"Gorilla Wakayama","2026-06-08 01:47:04",7.881,16,gorillawakayama
154,15919557,fishcat,"2026-06-08 02:31:28",7.882,26,fishcat37
155,15872132,"EQV UK","2026-06-07 18:46:02",7.887,118,markjcooper
156,15950583,panda__MB__maximus,"2026-06-07 06:07:39",7.889,22,tanishmohokar09
157,15890568,Leander,"2026-06-07 20:54:51",7.890,44,lenny2905
158,16232461,"Nazura Wirayuda Tama","2026-06-07 16:00:47",7.891,16,nazurawirayudatama
159,16052585,JackGong,"2026-06-07 20:25:12",7.891,8,jackgong
160,16254759,T.SHIGA,"2026-06-07 00:37:31",7.891,1,takumashiga
161,15926026,yukiZ,"2026-06-07 12:09:44",7.894,49,hideyukizushi
162,16156424,lllleeeo,"2026-06-07 14:51:31",7.895,10,lllleeeo
163,15866277,"Aadi Gupta","2026-06-07 08:12:33",7.896,22,aadigupta1601
164,16237319,huangshanle,"2026-06-07 05:11:56",7.896,15,yelloowking
165,15868436,Tasmim,"2026-06-07 11:45:43",7.896,70,tasmim
166,15874169,"Octavi Grau","2026-06-07 17:20:30",7.896,48,octaviograu
167,15868599,kindasomethin,"2026-06-07 12:21:00",7.897,48,"aikyatansinha,kindasomethin"
168,15868081,Aabhay,"2026-06-08 02:28:06",7.897,33,aabhaygirwalkar
169,16209356,"Smita Priyadarshani","2026-06-08 02:37:30",7.898,3,smitapriyadarshani
170,16236417,グレイラットルーデウス,"2026-06-07 05:38:40",7.899,8,rudeus666
171,16161958,"Jack Cole","2026-06-07 17:52:02",7.901,30,jcole75
172,15875345,Ali,"2026-06-07 11:39:06",7.901,29,asalhi
173,16212876,KoRo2_JP,"2026-06-07 08:02:11",7.902,7,koro2jp
174,16141354,aji-pandas,"2026-06-07 22:16:46",7.903,2,ajipandas
175,15871271,theredbluepill,"2026-06-07 18:40:09",7.904,115,poonszesen
176,15868747,songling,"2026-06-08 02:27:09",7.905,19,"lvbingrong,oralia"
177,16053022,ThomasG,"2026-06-07 21:26:25",7.906,30,thomasgamet
178,15882357,"Kamal Das","2026-06-07 16:40:03",7.906,4,kmldas
179,15865308,Berkay,"2026-06-06 21:39:10",7.906,22,stormchaser
180,16207804,"Suraj Ranganath","2026-06-08 00:03:13",7.906,25,"arunimaanand25,surajranganath17"
181,15874032,Bore-ing,"2026-06-07 19:29:52",7.908,20,"akhilbh10,madarshbb"
182,15974363,M.Nguele,"2026-06-08 03:35:19",7.910,15,angelisnguele
183,16064448,"pwxc00(恩师: 5.5 5x)","2026-06-07 21:03:04",7.912,10,alert04
184,16254448,yuiop!,"2026-06-06 22:18:45",7.913,1,yuiopy
185,16120497,"Maxim Danilov14","2026-06-07 13:06:09",7.915,6,maximdanilov14
186,15872711,Vandit,"2026-06-07 17:07:25",7.915,39,vandittyagi0909
187,16083755,kkj333,"2026-06-07 22:37:57",7.916,31,kkj333
188,15873151,"Antony Joseph9848","2026-06-07 08:35:00",7.917,36,"antonyjoseph9848,hybiridtux123"
189,16018689,Canon,"2026-06-07 16:15:34",7.918,11,sotakurihara1
190,16056742,SpeedSci,"2026-06-07 16:11:54",7.918,6,caoyupeng
191,16090382,"Anirban Chatterjee","2026-06-07 14:44:21",7.919,8,"aditigeo,anivana"
192,16114594,"Tsubasa Kanno","2026-06-08 03:56:03",7.919,46,"kazuhiromasuyama,keishi01,tsubasatech"
193,15871123,"Seok, Jeongeum","2026-06-07 01:04:41",7.919,136,seokjeongeum
194,15929744,GUOHAOYANG,"2026-06-07 04:42:54",7.921,26,pkuszboi
195,16131140,owl,"2026-06-07 15:57:42",7.921,20,yaroslav2710
196,16238368,Ricardo.M.Zhang,"2026-06-08 00:53:53",7.922,13,ricardomzhang
197,16254923,Kiyosan,"2026-06-08 00:30:39",7.922,9,kiyosan
198,15904416,"MS-05 ざこ","2026-06-08 01:26:41",7.924,14,royalacecat
199,16262863,Nat00,"2026-06-08 02:28:51",7.924,1,natliablascoandreo
200,16098512,PhoenixTune,"2026-06-07 10:36:21",7.924,5,sviatoslavborodachev
201,16107342,"Muhammad Ahmed Riaz","2026-06-07 10:02:38",7.925,3,herobrine330317
202,15870162,"Aleksandr  Larko","2026-06-08 01:55:31",7.925,7,alexxanderlarko
203,15937990,"Hit Imai","2026-06-07 06:52:42",7.928,10,hitimai
204,15904383,"Takahiro Saito","2026-06-07 22:00:58",7.929,141,takahiro3110
205,16081516,HIT_yth,"2026-06-08 02:30:56",7.931,50,"diaoyongyuan,hityth"
206,15875355,Teitlax,"2026-06-07 00:53:54",7.932,117,teitlax
207,16253937,korepippi,"2026-06-06 20:07:48",7.932,1,mekiramu
208,16244946,nybbler,"2026-06-08 00:03:06",7.933,12,nybbler
209,15974029,"David Sarrat González","2026-06-07 05:35:35",7.936,118,davidsarrat
210,15864759,"Roman Tamrazov","2026-06-07 19:54:33",7.936,32,romantamrazov
211,15995773,Nico,"2026-06-07 18:39:54",7.936,3,nicolsignani
212,15887393,"ccccccy q","2026-06-08 02:42:14",7.936,19,ccccccyq
213,16057297,Kagamihara,"2026-06-07 12:19:03",7.936,48,kagamihara
214,15867555,"It's not done","2026-06-06 23:18:05",7.937,85,hengzheng
215,16254183,"Tamerlan Omralinov","2026-06-07 18:34:04",7.937,3,tamerlanomralinov
216,16080127,Syhhhhhhhhhhhh,"2026-06-07 07:52:36",7.938,21,syhhhhhhhhhhhh
217,15864469,OverfitOracle,"2026-06-07 18:08:02",7.938,17,alisalmanrana
218,16089222,hujile,"2026-06-08 02:52:47",7.939,7,hujile
219,16261943,HK,"2026-06-07 21:20:24",7.942,1,hizurukonishi
220,16108889,Super_learners,"2026-06-07 18:07:14",7.943,18,"ashishnaik1995,siddhi1mit"
221,16043787,Penguin,"2026-06-07 14:41:53",7.945,80,penguin069
222,16040302,chi_k,"2026-06-08 01:41:43",7.945,6,chihhaokuo
223,15874485,"zihao qi","2026-06-07 17:28:47",7.945,100,"aslongas,zihaoqi02"
224,15920251,"John Doe #2","2026-06-07 15:46:11",7.945,40,johndoe90843
225,16255021,Dante,"2026-06-08 02:35:01",7.946,7,tawaragiyuhei
226,15872343,"Mahdi Ravaghi","2026-06-07 00:49:34",7.946,151,ravaghi
227,15863659,"Pretty Boring Model","2026-06-06 23:41:42",7.946,21,nihilisticneuralnet
228,15865734,"Mahmoud Abdelshafy","2026-06-06 11:16:00",7.948,32,mahmoudabdshafy
229,16113209,"Omprakash Patra","2026-06-06 19:35:01",7.948,14,omprakashpy
230,15873082,"ナハト・ ファウスト","2026-06-07 06:58:45",7.948,104,vitalya05
231,16105036,hjyact,"2026-06-06 21:40:27",7.949,13,hjyact
232,15986082,"Vignesh Nehru","2026-06-07 18:26:13",7.950,16,vigneshnehru
233,15872291,Cyrus,"2026-06-07 00:00:59",7.950,7,jamalsaeedi
234,15867071,"Philippe Lonjoux","2026-06-06 22:38:10",7.951,47,welcomeworld
235,16262886,"Peter Nelson Subrata","2026-06-08 03:05:51",7.952,4,pewqter
236,16003088,"[Wildberries T&S]","2026-06-07 19:28:30",7.953,31,sleep3r
237,16100247,xujiading,"2026-06-07 13:35:09",7.958,41,xujiading
238,15876724,Yeyang,"2026-06-07 12:09:20",7.959,1,yyleaves
239,16132511,"Martin Gabd","2026-06-07 08:34:18",7.961,13,martins0n
240,16144332,Khalid,"2026-06-07 23:26:17",7.961,29,khalid000000
241,16080050,TryTryTry,"2026-06-05 03:30:49",7.961,10,fanyanb
242,16158716,"Samyakraj Bayar","2026-06-07 12:40:26",7.964,14,samyakrajbayar
243,15941624,"Hamid Haghshenas","2026-06-07 18:19:56",7.966,6,hamidhaghshenas
244,16201230,"drill baby drill","2026-06-08 00:00:32",7.968,26,robboyd
245,15945353,"Seikan Suzuki","2026-06-04 05:58:30",7.968,60,seikansuzuki
246,16006260,Tanuki_boosting,"2026-06-08 00:53:37",7.969,24,miyamotodaiya
247,15880531,sud1plamichhane,"2026-06-07 22:41:37",7.970,83,sud1plamichhane
248,16033034,huangcarry25,"2026-06-07 11:45:00",7.971,5,huangcarry25
249,15873634,MECHINE,"2026-06-08 07:13:02",7.972,13,nainglinwai
250,16114195,"Nagi sisiro","2026-06-07 09:57:09",7.973,6,laveshjadon
251,15869262,Yusuraume,"2026-06-07 03:06:38",7.975,139,sugitatomohiko
252,15997687,"Ayush Shekhar","2026-06-07 09:24:30",7.976,2,ayushshekhar56
253,16219611,maekeso,"2026-06-07 13:32:55",7.977,3,maekeso
254,16056410,kyoukuntaro,"2026-06-07 01:08:05",7.977,6,yawata
255,15900852,Kevin,"2026-06-06 05:34:58",7.977,34,kevinzodiac
256,15868199,打酱油,"2026-06-06 07:06:17",7.977,17,"amoxicilin,lihu6666,yeshawang"
257,16043556,"MOURYA ARNEPALLI","2026-06-07 00:38:03",7.978,25,mouryaarnepalli
258,15876830,"Ikki Katsuyama","2026-06-07 15:00:51",7.979,11,kacchanwriting
259,15911805,gosu.Kouts,"2026-06-07 15:32:08",7.979,66,gosukouts
260,15889566,BhargavaAbhi,"2026-06-05 13:26:12",7.980,8,bhargavaabhi
261,15868619,"Rocker Ritesh","2026-06-08 06:28:31",7.980,4,rockerritesh
262,16227541,PyJa,"2026-06-07 16:43:42",7.981,6,pixiux
263,15878377,"Ivan Aleksandrov","2026-06-05 13:15:54",7.982,1,ivanblch
264,16251705,Serendipity,"2026-06-06 13:57:18",7.982,1,stringyixuxi
265,15902791,"Max Manushin","2026-06-03 22:56:32",7.983,31,innerf1re
266,16085174,"Keven Li","2026-06-06 03:01:54",7.984,14,kevin250304
267,16075593,"Ilja Grigorjev","2026-06-07 09:24:53",7.985,14,iljagrigorjev
268,16247969,atkaggler,"2026-06-07 23:22:48",7.986,9,atkaggler
269,15928611,Katybalds,"2026-06-06 22:26:55",7.986,58,"edwindt,jerryv69"
270,15915262,mahdi,"2026-06-07 13:38:30",7.987,6,mbonyani
271,15919534,datnt114,"2026-06-07 17:43:18",7.988,7,kingkong153
272,15873568,"Code by Nadiia","2026-06-06 11:47:38",7.988,4,codebynadiia
273,15867031,Qiwei,"2026-06-06 20:40:41",7.988,45,qiweiyin
274,15863676,"Baidalin Adilzhan [Kazakhstan]","2026-06-07 17:18:27",7.990,54,baidalinadilzhan
275,15938124,"Ioannis M","2026-06-07 13:32:42",7.991,31,imeintanis
276,15863506,"Jeki Wan Taufik","2026-06-07 05:07:42",7.993,46,jek1wantaufik
277,15917431,TakamaruEX,"2026-06-08 00:12:02",7.993,65,takamaruex
278,15867707,CuteClaw,"2026-06-07 11:49:06",8.000,22,bloodmoonwq
279,15868208,KIT,"2026-06-06 03:44:26",8.000,15,ray6767
280,16032387,"Long Hu","2026-06-07 02:40:54",8.000,3,longhul
281,16039655,minch,"2026-06-05 04:52:27",8.001,53,yoonmincheol
282,16206308,ispromashka,"2026-06-06 10:45:39",8.001,17,ispromashka
283,15916134,Ajay_Rao_43,"2026-06-07 13:13:40",8.001,17,"ajayrao43,himanshu6588"
284,16110221,xxxzzz123312123321,"2026-06-07 07:40:52",8.002,9,"chenzhaoquan,xxxzzz123312123321,yaqihe"
285,15874994,Ova,"2026-06-08 00:16:47",8.003,46,overvalueawareness
286,16236218,"Parth Talsania","2026-06-07 06:07:47",8.007,4,parthtalsania
287,15905148,"Rustam Bazarbayev","2026-06-07 07:00:51",8.007,23,rustambazarbayev
288,15989556,dynamic24,"2026-06-07 00:18:30",8.008,18,dynamic24
289,15871055,anshul3501,"2026-06-08 05:00:10",8.009,19,anshul3501
290,15882156,Reeeky,"2026-06-07 06:48:20",8.010,44,rikuonda
291,15877724,Panos,"2026-06-07 16:19:25",8.010,26,panosc
292,16082982,sakaitt,"2026-06-07 00:23:57",8.011,3,sakaitt
293,15994351,sleter,"2026-06-05 16:39:46",8.012,98,szymonjanowski
294,15867691,"Surya milenial","2026-06-06 13:55:45",8.013,27,suryamilenial
295,16063546,brave-心勇-heart,"2026-06-07 15:18:49",8.013,7,braveheart
296,16116474,"Keshav Sharma","2026-06-06 06:18:51",8.013,1,keshavsharmagg
297,16095974,"Alexander Olferuk","2026-06-07 20:08:59",8.015,12,olferuk
298,15904349,"Ryo Takaki","2026-06-06 16:44:04",8.017,80,ryotakaki
299,15875862,"Qamar usman","2026-06-07 07:37:36",8.023,17,qamarmath
300,15898503,pp1985,"2026-06-06 07:47:17",8.024,1,ppilania1985
301,15951792,CurveCowboy,"2026-06-07 16:50:48",8.025,20,curvecowboy
302,16085507,我是刘大聪,"2026-06-07 14:51:19",8.026,2,smartorz
303,15922640,"Mohammad Ghafourian Nasiri","2026-06-02 00:46:06",8.027,22,mghnasiri
304,15945367,Grantley,"2026-06-07 14:15:48",8.030,7,grantleycullar
305,16247151,"Ali Ozan Memetoglu","2026-06-08 00:39:36",8.030,8,aliozanmemetoglu
306,15869896,lingyu07,"2026-06-05 15:24:57",8.032,47,lingyu07
307,16080505,"HongXin Su","2026-06-07 15:12:26",8.033,28,hongxinsu
308,15999593,"Rishikesh Jani","2026-06-06 21:07:24",8.033,18,rishikeshjani
309,16198915,"Andreas @ Tenki Labs","2026-06-07 16:36:25",8.035,8,andreasgronbeck
310,15869738,"HIDEYO CHIBA","2026-06-07 02:30:21",8.037,68,hideyochiba
311,15872210,"Kazuki Harada","2026-06-07 12:40:01",8.038,13,kazukiharada85
312,16156622,"Heisenberg Cooks Math","2026-06-07 17:47:43",8.039,8,"garnikdavtyan,vatchethorossian"
313,16073768,Datatech,"2026-06-07 09:57:19",8.040,15,"yuhanjiang2024,zjz666666"
314,15950993,StephenNedumpally,"2026-06-06 07:22:45",8.040,17,stephennedumpally
315,16012676,"Aman Atar","2026-06-07 16:53:50",8.046,8,amanatar
316,15864527,"Moroz Roman","2026-06-07 10:10:35",8.049,9,crissyro
317,15926170,tf,"2026-06-08 00:58:35",8.050,25,tfukuhara
318,16012228,SeaEag1e,"2026-06-07 11:32:03",8.051,6,seaeag1e
319,15986700,Weifenhuan,"2026-06-07 16:08:08",8.055,5,schwa6
320,16155085,"Jack Cerion","2026-06-07 13:05:49",8.055,23,jackcerion
321,15865808,"Natalia Jaśkowska","2026-06-07 18:50:07",8.056,25,nataliajakowska
322,16054116,KYG,"2026-06-07 08:59:53",8.059,3,kyung1
323,15998400,MICADEE,"2026-06-06 22:03:07",8.060,20,adegladius
324,15874183,Neko,"2026-06-07 13:32:20",8.060,64,ootake
325,16131158,ares89,"2026-06-07 17:00:08",8.061,9,ares89
326,15877315,Ogurtsov,"2026-06-05 14:19:17",8.062,36,ogurtsov
327,15885867,yiyu0716,"2026-06-07 10:31:38",8.065,53,yiyu0716
328,16060592,"A. H. M. Fuad","2026-06-06 13:43:29",8.066,5,ahmfuad
329,15990772,"Brahim Brah","2026-06-07 07:32:15",8.067,19,brahimbrah
330,15991588,Wo,"2026-06-07 07:20:28",8.067,14,istribaik
331,15874047,Kurokawa,"2026-06-07 15:43:44",8.076,6,mkurokawa
332,15870004,ImtiazX,"2026-06-07 11:45:57",8.078,23,ximtiazx
333,15923168,JBehan,"2026-06-06 06:42:40",8.079,30,jbehan
334,15912210,"Yusaku Muroya","2026-06-06 12:51:19",8.080,11,ymuroya47
335,15873842,MR.h,"2026-06-05 12:26:53",8.081,6,hyh273279
336,16113929,"Chinmay Nadgir","2026-06-07 04:20:53",8.081,11,chinmaynadgirnoob
337,16163529,collinsmacharia70,"2026-06-07 12:58:00",8.083,4,collinsmacharia70
338,15897577,cocoaAI,"2026-06-07 06:07:33",8.085,57,cocoaai
339,16117908,Ace,"2026-06-07 12:14:29",8.085,11,shikhageekachad
340,16251835,"Andres H. Zapke","2026-06-06 13:58:59",8.086,1,andreshzapke
341,16053487,mitomeat823,"2026-06-08 03:46:08",8.087,36,mitomeat823
342,16082092,"Prince Raiyani","2026-06-05 09:52:09",8.092,23,"princeraiyanim,ramoliyadarshan"
343,15940122,Fe7777,"2026-06-06 06:00:25",8.092,2,fe7777
344,15895871,"Dr Chandrasen Pandey","2026-06-07 01:33:30",8.093,106,devchandra
345,16043184,Nanettetada,"2026-06-07 06:40:08",8.096,14,nanettetada
346,16097501,"Yuto Sano","2026-06-06 16:31:10",8.096,4,yutosano
347,16114723,"Sharmila Rijal","2026-06-06 10:17:23",8.101,6,rijalsharmila
348,16068796,Zerolee003,"2026-06-06 09:45:30",8.101,7,zerolee003
349,15874721,ykhnkf,"2026-06-08 01:03:43",8.103,31,ykhnkf
350,15910405,Jules,"2026-06-05 08:32:47",8.104,51,julesvanligtenberg
351,16250613,"Umair Zia","2026-06-06 16:15:17",8.105,2,stealthtechnologies
352,16253770,"Tatsuya Tanakaa","2026-06-06 23:54:38",8.106,2,tatsuyatanakaa
353,15875581,Afr1ste,"2026-06-07 09:04:59",8.107,142,afr1ste
354,16232990,フェネックをすこれ,"2026-06-06 09:30:52",8.111,3,k256net
355,16093806,Alan_Nasibullin,"2026-06-06 12:25:30",8.111,11,"asdasdsadasdsasdasd,ertrerhtytmnbdsefdw"
356,16241761,"James Christian","2026-06-07 23:47:14",8.112,11,kenkaocwl
357,15933198,YAN,"2026-06-05 15:23:00",8.112,23,qujiahui
358,15864010,sigmaborov,"2026-06-07 10:41:28",8.112,4,sigmaborov
359,16212412,"Lucia Yen","2026-06-05 12:51:43",8.115,8,luciayen
360,16254000,"SOUMYAJIT NASKAR","2026-06-07 10:20:11",8.121,1,thunderstrike07
361,16159997,seantangth,"2026-06-08 02:27:08",8.124,15,seantangth
362,15921014,Eme,"2026-06-06 13:02:00",8.124,4,rikutoseme
363,15981566,colt,"2026-06-05 01:29:09",8.125,3,xiaomaguo
364,16112546,"Arnav Mishra","2026-06-05 06:17:51",8.126,51,"arnavmishra02,giovannyrodrguez"
365,15867356,shj,"2026-06-06 07:50:06",8.128,1,sunghun
366,16073635,"Suman Sharma","2026-06-07 05:54:58",8.134,5,suman2208
367,16233598,Naji,"2026-06-06 22:00:13",8.138,14,najiama
368,16207425,"Kole Duncan Robertson","2026-06-06 16:41:14",8.140,11,kduncanrobertson
369,15874052,TroyNson,"2026-06-07 23:09:48",8.142,20,toychobkitchakarn
370,16033299,"name of team","2026-06-07 20:35:02",8.143,24,yuratrubitsyn
371,16237780,"Haruto Kuroda","2026-06-05 07:55:09",8.143,2,harutokuroda
372,16238053,KARANAMMADHAVARAO,"2026-06-07 13:18:53",8.146,9,karanam12345
373,16248935,cqupt_sdq,"2026-06-07 07:35:44",8.146,3,sdq2237
374,15874687,T.S,"2026-06-04 19:15:48",8.147,2,birdst
375,15865237,"Kaggle Agent","2026-06-07 21:18:51",8.152,66,"arc144,jiweiliu,maxjeblick"
376,16090327,kittugpt,"2026-06-06 17:18:33",8.153,10,kittugpt
377,15864007,"Pranay Vishwakarma","2026-06-05 18:31:46",8.153,5,pranayvishwakarma
378,16125484,"Maxim Lunitsin","2026-06-06 17:11:23",8.154,1,blinchiklu
379,16206461,"Tobias P","2026-06-06 18:37:42",8.155,13,tobiasp123
380,16003818,62326368,"2026-06-07 06:22:18",8.156,57,mooniim
381,16087311,"Steve Watson","2026-06-08 04:04:04",8.158,11,stevewatson999
382,16147521,"Orlando Cantoni","2026-06-08 00:00:04",8.158,11,orlandocantoni
383,15868531,kitsune,"2026-06-05 00:38:08",8.162,99,yutake
384,15902570,Experto,"2026-06-06 17:38:59",8.169,2,zahedi
385,16238545,dreamtear,"2026-06-05 08:34:00",8.169,1,mohanzeng
386,16195085,Hayauchiwasabi,"2026-06-06 03:47:37",8.171,2,kaiikeda
387,15876700,"SHUBHOJIT NASKAR","2026-06-05 19:14:34",8.171,7,shubhojitnaskar
388,15919256,"Frank YUSUFU","2026-06-07 12:39:27",8.175,27,frankyusufu
389,15869668,Mattpelor,"2026-06-05 15:58:11",8.180,8,mattpelor
390,16137244,magoemu,"2026-06-07 07:27:12",8.180,1,magoemu
391,15911321,"K Tanaka","2026-06-08 02:48:47",8.183,14,kanatat
392,15872502,kif,"2026-06-05 08:07:35",8.187,42,echigobran
393,16206866,"Debatreya Biswas","2026-06-05 20:29:34",8.188,3,debatreyabiswas
394,16206738,Hamachi,"2026-06-07 08:23:37",8.192,11,hamatz
395,16131896,"Szymon Kłapiński","2026-06-07 09:41:36",8.198,25,szymonkapiski
396,15924957,Eugene,"2026-06-05 15:45:47",8.201,1,eugenesysu
397,15943556,yuki16,"2026-06-05 03:45:26",8.202,21,yuki16
398,15931213,RicardoLópez,"2026-06-06 23:55:17",8.203,6,richi2489
399,15869544,Dracarys,"2026-06-06 19:28:48",8.205,52,rohitsingh9990
400,15870308,"Amit Gautam02","2026-06-05 08:36:55",8.206,12,amitgautam02
401,15872577,HHorimoto,"2026-06-05 01:34:51",8.206,7,hhorimoto
402,15876065,elysii,"2026-06-08 07:01:14",8.208,19,elysii
403,16073838,Hinata,"2026-06-07 14:04:28",8.208,14,mihoirie
404,16211441,songy111,"2026-06-05 07:51:09",8.210,8,songy111
405,15879090,"Jean-Louis Roy","2026-06-05 21:28:13",8.215,18,jeanjean111
406,15874888,YtLiu,"2026-06-08 02:26:45",8.216,39,bioconvolutionyt
407,16257509,beijijun,"2026-06-07 14:09:28",8.216,1,beijijun
408,15875724,"Yusuke Nakayama","2026-06-08 03:10:58",8.216,45,nakayamar
409,16245648,"Adrian Acala","2026-06-06 00:34:19",8.218,8,pirho3141
410,16045012,RebelRaider,"2026-06-06 13:51:09",8.222,50,chesnikovleonid
411,16088006,"Jiayou(Rick) Liang","2026-06-05 09:31:07",8.229,30,jiayourickliang
412,15923092,keithtyser,"2026-06-05 00:25:56",8.233,27,keithtyser
413,16127955,"Wilmer E. Henao","2026-06-05 04:09:55",8.234,10,verracodeguacas
414,15868874,"Gaurav Rawat","2026-06-08 00:01:10",8.234,61,gauravbrills
415,15867859,Nf4d1l,"2026-06-05 01:19:55",8.236,1,nf4d1l
416,15993308,InformaBook2,"2026-06-07 16:12:44",8.238,109,informabook2
417,16094325,"Whyme Labs","2026-06-08 01:00:48",8.242,26,whymelabs
418,16211925,"Dmitriy Gerasimov","2026-06-06 11:48:07",8.243,11,dmitriygerasimov
419,15873569,H,"2026-06-07 06:45:47",8.256,28,mhamza0810
420,15869611,"Ravi Ramakrishnan","2026-06-05 03:43:45",8.262,58,ravi20076
421,16198991,Sha85889,"2026-06-04 09:55:47",8.270,6,sha85889
422,15941445,"Pawan Rama Mali","2026-06-08 00:34:58",8.273,50,pawanmali
423,15870218,"Shrey Gandhi","2026-06-08 03:02:12",8.273,35,shreygandhi
424,16037420,tc-al,"2026-06-05 01:34:31",8.275,2,bobmyersthesecond
425,16053109,sol12378,"2026-06-08 00:17:39",8.280,14,sol12378
426,16152506,Mandel,"2026-06-05 13:35:41",8.281,4,mandelxu
427,15889935,islet,"2026-06-07 06:07:59",8.293,112,kojimar
428,16063639,hasibirok0,"2026-06-06 10:17:46",8.294,10,hasibirok0
429,16193902,"Ryota Okauchi","2026-06-08 01:45:23",8.295,11,rokauchi
430,15865086,"Athar Sayed","2026-06-05 09:17:08",8.304,18,sayedathar11
431,15872504,Silogram,"2026-06-07 13:48:35",8.313,41,psilogram
432,16032826,TK256,"2026-06-05 16:08:45",8.317,3,tk256ailab
433,15874349,"Yassine Alouini","2026-06-07 11:21:59",8.319,16,yassinealouini
434,16100577,"Enfance finie","2026-06-08 01:56:53",8.320,27,enfancefinie
435,15913004,Doublej37,"2026-06-07 12:03:50",8.320,22,doublej37
436,16099083,mywind,"2026-06-04 12:23:33",8.320,14,mywind
437,15869940,"Krishna Sonji","2026-06-07 05:58:51",8.321,54,"krishnasonji,te3shwetabankar"
438,16150609,"junseok lee","2026-06-05 14:58:30",8.330,11,jaslee2
439,15896262,Viktor,"2026-06-06 13:10:36",8.332,39,"andreysurovtsev,hdbchfdcfh,katia9848,klarness,zarbondo"
440,16110600,doublechoice,"2026-06-04 05:09:28",8.353,11,"doublechoice,songpeixu"
441,15873628,YassY_The_AlchemYst,"2026-06-08 00:00:45",8.362,34,yassineelhallaoui
442,15881178,Dawn_gamma,"2026-06-08 04:32:30",8.375,13,dawngamma
443,15870203,HongyuChen123321,"2026-06-05 06:50:49",8.375,10,hongyuchen123321
444,16108811,harrykuo1,"2026-06-07 01:59:55",8.386,28,harrykuo1
445,16233608,"RADU ȘTEFAN BANCU","2026-06-05 13:29:13",8.388,2,radutefanbancu
446,15873154,"Marco DG","2026-06-06 22:04:21",8.416,43,marcodg
447,15892744,"Kairui Huang","2026-06-04 10:32:49",8.425,32,kairuihuang
448,16145819,wjy,"2026-06-04 02:54:31",8.492,3,wjy030522
449,16168970,zongzishuang,"2026-06-08 05:13:23",8.494,28,"smileh6,yajuansheng,zongzishuang"
450,16028614,Helldiver,"2026-06-02 18:35:16",8.500,8,navyabhat239
451,16224461,moisougata,"2026-06-07 14:01:38",8.502,9,moisougata
452,16056072,nmst,"2026-06-04 11:31:35",8.525,21,nmstopen
453,16091138,EnDream,"2026-06-06 03:26:14",8.525,12,"endream,lfyyqaq"
454,16157366,"Ruoxuan Zhuang","2026-06-05 17:34:27",8.525,8,ruoxuanzhuang
455,15916195,khj1222,"2026-06-06 12:33:06",8.525,74,khj1222
456,15867962,嘴爷,"2026-06-06 05:48:04",8.527,26,zui0711
457,15994592,YALICKJ,"2026-06-08 00:07:24",8.531,85,yalickj
458,16041733,"fog flower","2026-06-07 15:01:41",8.538,24,fogflower
459,16019746,"seokyong` kim","2026-06-08 00:53:11",8.543,15,"rngusrb,seokyongkim"
460,16209124,jiangzhenyue,"2026-06-07 06:32:11",8.549,20,"jiangzhenyue,leehuiii"
461,16207101,"Batya neftyanik","2026-06-07 21:40:50",8.550,6,josemcfly
462,16066520,IIDA,"2026-06-07 20:29:02",8.551,6,shunyaiida
463,16058391,maco-macoo,"2026-06-07 20:18:41",8.557,24,macomacoo
464,16137188,"Osamah Sarraj","2026-06-05 02:45:49",8.564,15,osraj0
465,16153083,PavelLiashkov,"2026-06-04 03:21:55",8.585,11,bigbag1983
466,15864680,"Gordeev Max","2026-06-07 14:53:38",8.598,43,gordeevmax
467,16208054,"batuhan kalem","2026-06-08 00:29:07",8.625,8,batuhankalem
468,16053694,"fakhri faros","2026-06-06 04:02:44",8.635,13,fakhrifarosss
469,16069630,tatt:)ch,"2026-06-07 13:42:37",8.642,25,tattch
470,15878525,"Musab Ahmed","2026-06-07 18:16:25",8.646,55,musabyagoub
471,15869754,hanhan761,"2026-06-06 10:21:55",8.649,103,"hanhan761,kiivii,noice12138,xiaobai0417,zly2006"
472,15875812,UlinNuhaAbduh,"2026-06-07 02:35:04",8.668,19,ulinnuhaabduh12345
473,15872010,fuad,"2026-06-07 11:53:14",8.680,31,fuadmuhammad
474,15880897,kusui26,"2026-06-05 00:41:01",8.682,16,kusui26
475,16188126,Haumea,"2026-06-07 04:49:32",8.683,14,"chaitanyagullapalli,marutiharsha"
476,16207734,"Zalyaliev Marat","2026-06-07 14:48:00",8.685,9,axollo
477,16153171,"Kate Muret","2026-06-03 06:09:44",8.687,6,katemuret
478,15868820,Suuuiiii4,"2026-06-07 19:30:13",8.721,26,bharath111l
479,16209388,Hami-Melon,"2026-06-04 13:41:54",8.723,4,cvkunkun
480,16023502,Omni-Man,"2026-06-04 19:07:56",8.723,29,"annoyingbrine,liuruihan333"
481,15878378,"⸻AgentZZ ⸻","2026-06-05 09:13:58",8.723,4,agentzz
482,15967777,himkkk,"2026-06-07 17:38:55",8.723,19,himkkk
483,16162311,alijs,"2026-06-06 18:14:43",8.723,3,alijs1
484,16226263,MAAN,"2026-06-06 13:03:00",8.723,7,"boruixie,maaaaaaaaaaaaaaaaaan"
485,16029640,"Vignesh Prasad ","2026-06-07 07:24:05",8.723,17,vigneshprasad10
486,16132046,RiN0804,"2026-06-04 14:21:04",8.725,8,rin0804
487,15909982,"Panagiotis Niarchos","2026-06-07 00:51:11",8.732,9,panagiotisniarchos
488,16213296,groovin,"2026-06-05 02:42:20",8.747,6,dhruvgup1a
489,16073587,"Danila Goncharenko","2026-06-07 17:40:23",8.751,9,danilegovich
490,16136227,Liau,"2026-06-04 11:51:09",8.752,15,qwer556617123
491,15877012,"Tech Creed","2026-06-04 11:18:40",8.753,52,"manojkumars00,muki2003"
492,15879715,"Ehimen Nathaniel","2026-06-08 04:43:01",8.759,68,ehimennathan
493,16107376,yuki.aoki2024,"2026-06-07 14:46:19",8.761,9,yukiaoki2024
494,16024853,"Shubham Mulay","2026-06-06 12:41:02",8.769,17,sshubham16
495,15893048,PYK0409,"2026-06-07 15:57:59",8.775,39,pyk0409
496,16106248,ZephyrionZX,"2026-06-04 01:36:19",8.777,7,zephyrionzx
497,16132727,"Im so tired","2026-06-04 07:01:51",8.777,3,yfrite
498,16099415,Poemcourt,"2026-06-04 03:50:45",8.777,8,poemcourt
499,15913439,"Manav Trivedi","2026-06-04 05:55:01",8.777,8,manavtrivedi
500,15864226,"Ryuhki Kimura","2026-06-04 06:31:48",8.777,2,kimura0415
501,16213823,ChengxuGu,"2026-06-04 07:40:57",8.777,1,chengxugu
502,16071263,Aigege,"2026-06-05 03:08:28",8.777,13,zslkaggle
503,16053809,Tao,"2026-06-04 09:10:13",8.777,4,heitao
504,16200604,GarbageOoze,"2026-06-06 06:47:02",8.777,14,garbageooze
505,16087621,NyuuDev,"2026-06-07 13:44:33",8.777,34,nyuudev
506,15876946,"james harden FC","2026-06-07 18:09:23",8.777,24,kirosamurai
507,16023606,"Dimas Pasha Akrilian","2026-06-04 00:05:58",8.781,22,dimaspashaakrilian
508,15937377,"Sangram Patil","2026-06-08 03:11:40",8.781,20,sangrampatil5150
509,16209143,"Ease Gao","2026-06-04 02:33:05",8.781,1,gojay001
510,15866796,Arun,"2026-06-04 07:43:14",8.781,37,wasbornlazy
511,15895321,"Kan #2","2026-06-04 09:10:51",8.781,6,kantamotohashi
512,16224221,diet1236364,"2026-06-04 13:58:51",8.781,1,kosuke123
513,15872367,"RODNEY MAWERO","2026-06-06 12:52:42",8.781,5,rodneymawero
514,15866198,Reinhard,"2026-06-04 19:08:12",8.781,14,trainhard
515,16133254,"Sergey Subbotin","2026-06-05 02:29:51",8.781,11,ssubbotin
516,16014802,"m-toshi desu","2026-06-07 14:05:57",8.781,8,mtoshidesu
517,16056166,AdhokshajaPradeep,"2026-06-07 06:03:49",8.781,4,adhok93
518,16092736,"Kento Okumura","2026-06-08 02:59:34",8.781,18,kentookumura
519,16208867,swsneaky,"2026-06-08 05:42:25",8.781,5,mdwmb7cnapf54r
520,16097431,"AMD YES","2026-06-04 12:46:33",8.782,10,dfgtde
521,15867111,"Kumar Abhijeet","2026-06-03 18:04:38",8.782,13,krabhijeet
522,15907879,GENOME,"2026-06-07 13:39:16",8.782,13,"ayushmansingh27,fanserudraksh,gauravbdamor,nikhilpathaksvnit"
523,15897441,"Raunak Dey","2026-06-03 19:20:01",8.782,13,raunakdey07
524,15891915,NobelK5342,"2026-06-03 22:18:27",8.782,24,nobelk5342
525,16146250,狼山客,"2026-06-05 06:23:58",8.782,7,va11ey
526,16110339,"Kianoush Haratian","2026-06-04 22:55:03",8.782,19,kianoushharatian
527,16020558,Parag,"2026-06-07 19:20:25",8.801,5,paragkale
528,15865051,hongan,"2026-06-06 06:01:41",8.803,3,honganzhu
529,16042924,HEK,"2026-06-07 15:43:32",8.811,24,"emmanuelwandji,khaledchatah"
530,15865705,"YERMES AMINE","2026-06-03 19:29:36",8.812,22,yermes
531,16150088,"Lazy Bandit","2026-06-05 19:23:05",8.812,8,lazybandit
532,15910655,roglike,"2026-06-07 21:39:07",8.813,56,"eijixxx,gaopengren"
533,15865412,"Aleksey SCHUKIN","2026-06-06 10:24:05",8.818,22,alekseyschukin
534,16155958,Via.,"2026-06-07 09:51:21",8.820,24,zhangyunsheng
535,16031384,"daliang chen","2026-06-03 13:14:56",8.832,38,daliangchen
536,16246224,kishizaki-sci,"2026-06-07 23:17:09",8.837,10,superstringdev
537,16063002,"LI YIYANG829","2026-06-03 11:33:25",8.860,27,liyiyang829
538,16153971,krittao3,"2026-06-04 11:40:36",8.860,7,krittao3
539,16185293,"Bill Fan","2026-06-03 05:55:51",8.860,1,billfan88
540,15923050,"Vinh Nguyen","2026-06-03 06:42:50",8.860,12,vinhnguyen
541,16129625,MY0705,"2026-06-03 11:37:35",8.860,2,my0705
542,15863981,"больше чем alpinos","2026-06-03 09:17:51",8.860,14,"alpin0s,johnjanson"
543,15875799,ReasonForge,"2026-06-04 09:38:17",8.860,50,phongnguyenthuando
544,16193489,"Yihan Guo","2026-06-03 09:49:55",8.860,1,yihanguo
545,16196198,BIT_Guber,"2026-06-07 16:42:12",8.860,11,bitguber
546,15864453,"Alhasan Abdellatif","2026-06-03 13:19:52",8.860,89,alhasanabdellatif123
547,15888843,mrmld-v,"2026-06-03 13:28:29",8.860,48,vladmazeev
548,16191137,"weihao huang2004","2026-06-06 12:43:18",8.860,13,weihaohuang2004
549,16130840,HKBU,"2026-06-03 14:23:39",8.860,5,"jamesjklin,yilong1123344"
550,16158265,oliver,"2026-06-05 13:00:58",8.860,13,oliverlang
551,15912474,"Sergey Nefedov","2026-06-03 15:52:39",8.860,10,sergionefedov
552,16045309,guozhaojie,"2026-06-03 15:58:53",8.860,13,guozhaojie
553,16131159,"Dimple Bhardwaj","2026-06-03 17:22:13",8.860,2,dimplebhardwaj536
554,16208675,"Hoshino Takanashi","2026-06-04 02:14:13",8.860,1,starsdaisuki
555,16070127,"Daniel Sleiman","2026-06-04 04:20:45",8.860,11,danielsleiman
556,16050411,"RISALAT LABIB","2026-06-04 18:56:49",8.860,10,risalatlabib
557,15892803,"Chase Bonfiglio","2026-06-05 23:50:10",8.860,82,chasebonfiglio
558,15907792,"Team 15","2026-06-07 11:44:08",8.860,15,"gkwhddnr,sehoon0529"
559,15872498,tethdhdjd,"2026-06-02 01:47:29",8.863,18,"tethdhdjd,theunforgiven7"
560,16025962,Catcatcher,"2026-06-03 12:20:24",8.863,7,ferencjuhsz
561,15864295,Facilis-ai,"2026-06-05 21:16:48",8.863,71,alynofal2011
562,15944658,Xander,"2026-06-02 01:07:54",8.863,47,canqiang
563,16029488,"Maman Salto","2026-06-02 11:00:23",8.863,9,saddamaditya
564,16056170,andreafe,"2026-06-02 04:38:57",8.863,22,andreafe
565,15916870,"Horikita Saku","2026-06-02 13:06:04",8.863,5,horikitasaku
566,15863514,john,"2026-06-02 05:21:07",8.863,16,jaejohn
567,16060865,"Rachit Yadav","2026-06-07 09:39:15",8.863,12,rachiteagles
568,16039493,Mercurydust,"2026-06-07 06:22:06",8.863,12,mercurydust
569,16153873,"Sungu Kang","2026-06-02 06:44:57",8.863,1,sungu122
570,15869012,GodGod3,"2026-06-02 06:46:15",8.863,5,godgod3
571,16023164,ShumingFang,"2026-06-02 11:33:28",8.863,2,shummingfang
572,15900063,hoang_phuc_6868,"2026-06-02 07:18:50",8.863,33,thbdh5765
573,16026172,yashjakhar99,"2026-06-07 08:53:15",8.863,34,yashjakhar99
574,16155719,XiaoZhiren,"2026-06-04 08:48:15",8.863,3,xiaozhiren
575,16155975,"Harish Yadav","2026-06-07 19:43:36",8.863,4,harishyadav0506
576,16099651,imaeakira,"2026-06-03 05:18:46",8.863,30,imaeakira
577,15874838,HASEGAWA1107,"2026-06-03 12:34:54",8.863,26,hasegawa1107
578,16156579,JustinybGao,"2026-06-04 03:26:56",8.863,5,justinybgao
579,16129717,"sunil kumar","2026-06-02 22:45:09",8.863,4,sunil123kumar
580,16084887,UddipanB,"2026-06-02 11:12:00",8.863,4,uddipanb
581,15922891,yuhaman,"2026-06-02 12:20:00",8.863,3,yuhaman
582,16144377,notxjl,"2026-06-02 12:28:16",8.863,1,kiikio
583,15869513,eiheychan,"2026-06-02 12:44:08",8.863,74,eiheychan
584,15870210,"Santiago Mota","2026-06-02 13:03:42",8.863,3,santiagomota
585,15994144,"Yuka,Ota","2026-06-07 12:43:41",8.863,13,yukaika
586,15878367,Safarbek,"2026-06-02 14:58:15",8.863,3,safar1
587,15864468,webjdi,"2026-06-04 18:29:24",8.863,5,webjdi
588,16021278,borkun0429,"2026-06-04 10:59:12",8.863,23,borkun0429
589,16065184,"Alexander Smetannikov","2026-06-02 21:31:41",8.863,5,smetannikov
590,15864621,Stochastic,"2026-06-02 19:01:41",8.863,18,ashok205
591,15964539,"Nuno Ferreira","2026-06-02 20:03:16",8.863,16,ngcferreira
592,16102201,"Aman Sharma","2026-06-02 20:42:49",8.863,3,aman5153684
593,15870429,LIH.YUN,"2026-06-02 21:06:15",8.863,7,fxlcee
594,15864928,FOYSAL,"2026-06-02 23:43:34",8.863,24,foysalemonshanto
595,16000113,irona,"2026-06-07 22:48:14",8.863,13,ironaa
596,16141637,"Mikhail Fadin","2026-06-04 20:48:01",8.863,18,mikhailfadin
597,16170846,MingKai123,"2026-06-03 02:29:55",8.863,1,mingkai123
598,16045246,"Kris Dcosta","2026-06-08 04:10:21",8.863,25,krisdcosta23
599,15885709,"yangdon tshering","2026-06-07 11:22:41",8.863,58,yangtshering
600,16042251," ykn_718","2026-06-05 06:36:21",8.863,12,ykn718
601,16192131,"Nozomi Suzuki","2026-06-07 23:20:33",8.863,8,nozomisuzuki
602,15880225,Yuto.T,"2026-06-03 14:40:19",8.863,5,yutotamura
603,15869557,"ren toda","2026-06-05 05:08:19",8.863,8,"monruho,rentoda,trinhdpham"
604,15949915,"Ettore Magni","2026-06-04 14:57:03",8.863,4,ettoremagni
605,16100651,"Mohit Balachander","2026-06-05 04:22:55",8.863,28,mohitbalachander
606,16145289,"Abongile Njokwana","2026-06-05 19:07:16",8.863,2,abongilenjokwana
607,16089097,"lee Marc223","2026-06-07 05:15:20",8.863,5,"joezzzzz,leemarc223"
608,16223903,"Toru Tokunaga","2026-06-07 17:23:24",8.863,4,tokutoku00000
609,16088512,hadimaster,"2026-06-08 01:01:17",8.863,15,hadimaster
610,16152568,서태혁asdad,"2026-06-07 02:16:43",8.863,8,asdsd123
611,16084818,Ryutogrrr,"2026-06-07 06:02:56",8.863,6,ryutogrrr
612,15966813,峨眉山的monkeyn,"2026-06-07 08:31:23",8.863,17,monkeyn
613,16178588,takumina,"2026-06-03 07:46:29",8.887,2,takuminakamatsu
614,16097741,"Shaaz Hussain","2026-06-03 15:45:18",8.893,19,shaaz74
615,16145164,"Никита Кочерин","2026-06-07 19:16:50",8.898,16,nick15431543
616,16112088,"Tommy Lar","2026-06-03 18:17:19",8.928,20,tommylar
617,16070527,KotaKagatsume,"2026-06-04 14:44:22",8.942,18,kotakagatsume
618,15868272,寿!,"2026-06-07 12:14:22",8.942,13,taka3776toshi
619,15872199,"Masashi Onda","2026-06-06 01:12:27",8.956,42,masashionda
620,15927125,koykoy,"2026-06-04 11:17:51",8.977,23,yejinkyo
621,15866975,"PC Jimmmy","2026-06-07 02:00:56",8.980,45,pcjimmmy
622,15876204,"Tariku Mehdi","2026-06-07 09:04:39",8.988,24,tarikumehdi
623,16153652,"Saurav Chaudhari","2026-06-04 08:13:13",9.001,4,saur3x
624,16125185,"Asterios Terzis","2026-06-07 15:05:20",9.062,8,asteriosterzis
625,15867804,"Kevin E R MILLE","2026-06-05 15:53:37",9.062,33,kevinermille
626,16112767,fanyuchen,"2026-06-07 11:54:17",9.062,26,chenyfdws
627,16059412,"Visca Barça","2026-06-03 05:06:33",9.064,3,alikhalil10
628,16209732,Dreamurr,"2026-06-04 18:49:57",9.064,4,dreamurr
629,16029493,thisray,"2026-06-08 00:26:51",9.080,8,thisray
630,16037608,KitLim,"2026-06-07 07:20:57",9.082,13,"limkskr,sunghunim"
631,16049865,giacomovin,"2026-05-30 01:37:16",9.112,9,giacomovin
632,15868780,"Marcus Qin","2026-05-20 04:35:49",9.120,24,marcusqin
633,16090272,"Parthkumar Vaghasiya","2026-06-03 10:30:04",9.124,2,parth515
634,16116184,Sunnywu27,"2026-05-31 18:59:59",9.150,10,sunnywu27
635,16104178,"Jamie Nojek","2026-06-01 01:48:11",9.150,14,jamienojek
636,15865258,"Santiago Maniches","2026-06-01 05:04:14",9.150,72,santmani
637,16069059,Boiled-Sweet-Potato,"2026-06-01 05:36:43",9.150,3,boiledsweetpotato
638,15870592,"Vaibhav Sharma","2026-06-01 05:53:05",9.150,3,vaibhavsharma3012
639,15883874,Sakayuya,"2026-06-04 05:53:17",9.150,17,sakayuya
640,15993983,"Mark Astrid","2026-06-01 08:23:03",9.150,2,markastrid
641,15968134,"German Mora Martin","2026-06-01 10:17:29",9.150,5,germanmoramartin
642,15911012,vamos_field,"2026-06-01 12:52:03",9.150,13,kotaroosako
643,15984296,"less subs","2026-06-01 13:01:41",9.150,3,jiaoyouzhang
644,15888484,"Vasu Bhut","2026-06-01 13:42:52",9.150,1,vaisubhut
645,16145929,DeeperNet,"2026-06-01 14:20:25",9.150,1,deepernet
646,15898175,donaldxu,"2026-06-01 14:51:11",9.150,5,abc1705
647,16098039,FUJINGWEN1375,"2026-06-01 15:22:44",9.150,2,fujingwen1375
648,16146613,Oliver,"2026-06-01 15:07:28",9.150,2,wangzn0410
649,16148514,olougern111,"2026-06-01 18:53:22",9.150,2,olougern111
650,16133031,"Rajan Nagarajan","2026-06-01 18:16:05",9.150,7,narajan
651,16150949,"Jiyong Kim","2026-06-02 03:04:04",9.150,5,jiyongkim11
652,15946026,Dec20B,"2026-06-02 02:41:15",9.150,11,xupeng9702
653,16096522,tk,"2026-06-03 00:09:52",9.150,14,tatsuokaniwa
654,15870580,"Naveed Ali","2026-06-08 05:53:27",9.150,40,naveedali86
655,16154825,"Jiayi Du","2026-06-07 13:08:34",9.150,15,jahyee
656,16105500,"CHEN YUXUAN","2026-06-05 05:31:13",9.150,9,chenyuxuan020117
657,16026867,forest2026,"2026-06-03 09:25:18",9.150,2,forest2026
658,16206012,"Petits Enfoirés","2026-06-03 20:00:23",9.150,1,petitsenfoirs
659,16206893,"Muyassar Abdullah","2026-06-03 21:38:33",9.150,1,muyassarabdullah
660,15876196,Falcon,"2026-06-07 06:19:56",9.150,5,aromani
661,15871489,shion,"2026-05-22 12:10:51",9.153,9,k0tame
662,15992430,kesumete,"2026-06-08 06:20:27",9.193,27,kesumete
663,15896695,Moonimonster,"2026-06-04 05:09:40",9.204,19,mooncdaiam
664,15902811,renji_starfall,"2026-05-20 22:55:15",9.208,11,degnonguidi
665,15926518,"Matt Davis","2026-06-01 02:38:32",9.216,62,matteius
666,15881338,"Sergey Bryansky","2026-05-20 01:30:29",9.233,34,sggpls
667,15904964,"Henry Javier","2026-06-04 23:57:29",9.240,4,henryjavier
668,15997622,primal.host,"2026-06-08 01:10:03",9.270,25,primalhost
669,16089335,"Hira Norm","2026-06-05 10:17:39",9.272,5,hiranorm
670,15876408,Qixiu,"2026-05-21 01:34:34",9.273,34,lantingguo
671,16031524,shineminkhant31,"2026-05-25 08:21:30",9.294,10,shineminkhant31
672,15901391,yellowleaf,"2026-05-18 04:59:15",9.304,38,wcqyfly
673,15942020,taopy2,"2026-05-16 14:23:41",9.306,4,taopy2
674,15956040,"Pham Kim Hoan","2026-05-27 02:12:08",9.307,50,pham0030
675,15902796,"Manushina Svetlana","2026-05-23 13:05:09",9.312,25,manushinasvetlana
676,16075412,NotWhatYouThink,"2026-06-05 21:48:16",9.319,51,notwhatyouthink
677,16237106,"Likai Su","2026-06-08 05:41:17",9.321,4,likaisu
678,16079023,perchik228,"2026-05-30 19:56:27",9.324,13,perchik228
679,16114684,DHKim0324,"2026-06-03 14:58:10",9.334,4,dhkim0324
680,15929654,suguuuuu,"2026-05-29 22:54:36",9.336,15,sugupoko
681,15908843,Alfaxad,"2026-05-20 16:06:45",9.341,32,alfaxadeyembe
682,15869528,Mr.キノコ,"2026-05-16 11:51:55",9.346,29,mrkinoko
683,15866480,automatylicza,"2026-06-03 08:40:35",9.350,26,automatylicza
684,16007785,"Son Pham","2026-05-18 15:17:47",9.355,3,sonphamorg
685,15948553,mins0_0,"2026-05-29 14:44:24",9.374,12,mins00
686,15868161,"Van-Phuc Huynh","2026-05-16 18:21:04",9.374,46,hvanphucs112
687,15904631,"Xiaolei Lian","2026-06-03 03:06:07",9.377,26,xiaoleilian
688,15903247,"Sergei Kramnik","2026-06-01 15:54:48",9.382,20,sergeikramnik
689,15874926,Justus,"2026-06-07 12:49:23",9.384,92,justus0
690,15863636,Xz,"2026-05-17 01:43:10",9.390,11,xiaoz259
691,16177495,"Ivan Tretyakov","2026-06-03 03:56:07",9.390,1,hopeofchange
692,15970258,vn1111,"2026-05-15 06:28:30",9.397,10,vn1111
693,15904970,"Марк Солунов","2026-05-23 04:05:43",9.397,14,markthelark
694,15940119,"seeker wind","2026-05-26 06:43:06",9.401,23,seekerwind
695,16032707,"Silvan Müller","2026-06-03 07:21:47",9.406,3,silvanmller
696,15928884,BNBU_group7,"2026-05-16 18:31:10",9.407,11,"brittanybnbu,jinyishan,pepperfan"
697,15866170,"Mudit Chaturvedi","2026-05-30 14:18:20",9.415,46,muchat007
698,16092080,"Jie Li","2026-05-30 21:52:45",9.417,9,drjieli
699,15870955,"Byron Odhiambo","2026-06-06 11:49:02",9.418,26,byronodhiambo
700,16049818,l2658183739,"2026-05-29 03:02:04",9.420,21,l2658183739
701,15864976,"Shamil Yagiyayev","2026-05-17 20:35:55",9.426,45,thegrey
702,15867974,yuuuki1111,"2026-06-07 11:15:55",9.429,58,yuuuki1111
703,15923561,jayhun,"2026-05-22 03:48:36",9.436,2,cyberzzhhss
704,15989859,Troyxxf,"2026-05-26 14:42:14",9.437,26,troyxxf
705,15873555,"Crystal Wong","2026-05-25 06:17:53",9.438,4,crystalwong01
706,15884088,wuxi,"2026-05-29 09:04:47",9.438,44,wuxi223
707,15934942,lanyangyangdangdachu,"2026-05-21 10:37:28",9.438,10,lanyangyangdangdachu
708,16051421,"David Pupăză","2026-05-31 11:16:21",9.441,43,davidpupaza
709,15882626,watszo,"2026-05-25 10:30:26",9.450,22,watszo
710,15867022,"Svanik Kolli","2026-05-24 14:22:38",9.450,79,svanikkolli
711,15944035,"york li13","2026-05-13 05:30:32",9.453,1,yorkli13
712,16133323,huangzihao,"2026-05-31 13:38:59",9.455,1,awahzh
713,15940255,"adhithyan u","2026-05-21 15:44:29",9.457,11,adhithyanu03
714,15911567,らすはる,"2026-05-23 17:10:14",9.458,44,yamashita
715,15876056,Himeno,"2026-06-02 01:27:20",9.465,31,lepidon
716,15994289,Can,"2026-05-17 17:17:17",9.466,7,canentay
717,15864439,"Abdessamed Zetroni","2026-05-13 19:33:52",9.466,18,abdessamedzetroni
718,15868318,dddkk0,"2026-05-24 08:57:44",9.467,13,compensator
719,16064375,Yuki_Kaneko,"2026-06-02 06:27:27",9.470,24,yukikanek0
720,15998619,"Freeman Hui","2026-06-08 02:42:42",9.471,30,freemanhui
721,15880335,Ninym06,"2026-05-22 17:20:08",9.474,51,ninym06
722,15866776,"Roman Rozen","2026-05-14 18:56:26",9.474,14,romanrozen
723,15939187,"samuel tan","2026-05-27 04:51:21",9.478,25,simingtan
724,15865884,"Berkay Özkan","2026-06-03 12:44:35",9.478,20,berkayzkan
725,15865028,"Scott Willis","2026-05-22 01:13:34",9.481,44,scottgwillis
726,15902522,greyhound,"2026-05-22 10:04:05",9.482,8,tapaskd123
727,15864776,LJL♥,"2026-05-30 05:11:37",9.482,13,jallll123
728,15929272,"Marcin Wojciechowski","2026-05-30 19:21:12",9.482,64,marcinwojciechowski
729,15868685,"Juan Arturo Gutiérrez Aguilar","2026-05-19 13:53:19",9.488,3,jarturo
730,15874096,"Jonathan Chan","2026-05-16 23:24:55",9.489,20,jonathanchan
731,15972917,"yingtao sun","2026-05-18 01:15:01",9.490,7,yingtaosun
732,16095874,dCoder30,"2026-06-01 03:19:31",9.490,8,aayushsalvi
733,16031418,"Aditya Krishnan Mohan","2026-05-24 18:18:47",9.491,3,adityakrishnanmohan
734,15868847,Abhi,"2026-05-28 16:59:51",9.491,48,abhijeet45
735,16023369,Han,"2026-05-24 08:04:46",9.492,11,han21400
736,16101991,"Yuya Sakaguchi","2026-06-01 22:31:53",9.492,6,yuyasakaguchi
737,16076859,"Daniel K","2026-06-07 00:09:32",9.492,30,danielkunzler
738,15887513,"Maciej Sypetkowski","2026-06-07 19:23:01",9.494,3,maciejsypetkowski
739,15933129,"youich wada","2026-05-22 11:34:29",9.495,1,youichwada
740,16090171,BAILW,"2026-05-31 09:30:51",9.496,9,baimatubama
741,15919938,haruharufff,"2026-05-16 22:32:07",9.499,1,haruharufff
742,15910324,jhjLog,"2026-05-29 01:36:26",9.502,26,jhjlog
743,15886799,StudyExchange,"2026-06-02 17:01:17",9.504,24,studyexchange
744,15941516,SniperGotYou,"2026-06-03 04:42:52",9.507,33,snipergotyou
745,15929346,cry,"2026-05-18 06:00:38",9.508,6,shangyuanfeimali
746,15865144,"Dharun Prasanth S","2026-06-02 07:49:31",9.510,13,diversedharun
747,15889132,"Mohamed abdelrazik","2026-05-25 16:50:12",9.510,16,mohamed3abdelrazik
748,16031749,"Thin Nwe Soe","2026-05-25 06:41:24",9.511,12,thinnwesoe
749,15908928,"Sohail Khan","2026-06-04 08:44:51",9.515,7,sohailkhanlml
750,16132379,goevian,"2026-05-31 14:14:41",9.516,1,"goevian,jiaojiannb"
751,15886147,"Dhruv Bansal","2026-05-15 11:43:53",9.519,1,dhruvb2028
752,16216869,"Kostiantyn Isaienkov","2026-06-08 05:31:36",9.521,19,isaienkov
753,16232490,RLSalvi,"2026-06-05 09:23:07",9.521,2,rlsalvi
754,15871714,Tillotson,"2026-05-27 15:20:42",9.526,20,tillotson
755,15873114,Troy_xx,"2026-05-17 02:53:15",9.528,38,troyxx
756,15998742,"lamb Liu","2026-06-05 12:59:57",9.533,18,liuxiaohua72
757,15868506,ImoZuku,"2026-05-22 14:45:24",9.533,8,imozuku
758,15995750,Rensyu,"2026-05-22 13:57:54",9.535,10,rensyu
759,15977627,"Tejas Gluth","2026-05-26 21:28:20",9.535,19,tejasgluth
760,15930314,"Andrew Naymushin","2026-05-18 13:25:26",9.535,4,andrewsokolovsky
761,16027623,Nabeel123@,"2026-05-23 12:56:38",9.536,19,nabeel8800
762,16046235,Moyuan_neko,"2026-05-30 09:24:13",9.537,5,moyuanneko
763,15892242,"Ra'uf Fauzan Rambe","2026-05-31 01:59:25",9.538,5,rauffauzanrambe
764,15886861,"Chenyu Wang","2026-05-21 18:20:22",9.541,7,ataraxyyeah
765,16062219,senroku,"2026-05-27 11:12:11",9.544,11,senroku
766,16055073,LeeDongHyuk,"2026-06-05 14:39:50",9.548,13,odyssey189
767,15960980,Frank_LH,"2026-05-14 10:32:51",9.548,3,franklh
768,15866940,Giba,"2026-05-14 21:30:22",9.549,17,titericz
769,16016031,"Karol Trawiński","2026-06-03 23:54:20",9.553,13,karoltrawiski
770,15908413,dfedukovvvv,"2026-05-23 13:05:46",9.553,12,dfedukovvvv
771,16056008,dgasgfdafga,"2026-05-25 06:03:21",9.556,4,dgasgfdafga
772,15967537,"Aurora Rabbit","2026-05-21 14:03:59",9.556,9,nghiahoangtrung
773,15889632,"Dimitrios Giannoulis","2026-06-07 17:52:51",9.556,18,plagiagia
774,16033079,Jubido,"2026-05-25 13:07:38",9.558,15,jubido
775,16032444,"t fuku","2026-06-07 04:45:18",9.560,31,"jjinho,khori7,masasato1999,ttyn4519"
776,15999060,igarashimm,"2026-06-07 22:58:52",9.561,5,igarashimm
777,15869034,"jose mata","2026-05-20 08:50:24",9.563,14,kaligulas3456778900
778,15879269,"Luke Stafford","2026-05-16 02:11:49",9.564,13,luketstafford
779,15868075,🔥🦫📿🗽,"2026-05-25 06:51:42",9.566,2,datafad
780,16117352,Ridao,"2026-05-30 07:13:48",9.566,1,caucasus15
781,15924921,ArynRajani,"2026-05-18 18:07:02",9.567,13,arynrajani
782,15935925,Lwen1243,"2026-05-15 07:36:42",9.567,7,lwen1243
783,15926091,"Diptyajit Das","2026-05-16 06:13:07",9.571,5,diptyajitdas
784,15915557,"Deepak Chaudhari","2026-06-07 12:58:29",9.571,21,deepxchat
785,15874904,"Yanshu Patel","2026-05-19 04:02:47",9.572,13,yanshupatel
786,15928111,"Gaétan Forestier","2026-06-06 11:27:27",9.573,9,gatanforestier
787,15997570,"Eugene Medvedev","2026-05-19 09:47:00",9.576,2,medvedew
788,15996565,"Sirapoap Thamthum","2026-05-29 02:05:02",9.577,33,sirapoapthamthum
789,15868645,"HUN UUNNN","2026-05-27 06:53:06",9.578,2,hunuunnn
790,15869574,lucataco,"2026-05-15 06:03:41",9.581,29,lucataco
791,15867431,Zacchaeus,"2026-05-22 01:18:26",9.583,23,zacchaeus
792,15933047,kmn,"2026-05-28 16:09:47",9.585,27,kmatsu01
793,16103125,WhatCanWeDo,"2026-06-02 11:09:28",9.586,13,shexunov
794,15869979,M.Choisuren,"2026-05-25 06:27:43",9.588,32,choisuren
795,15950958,Andrij,"2026-05-25 16:18:27",9.588,2,aikhmelnytskyy
796,15874145,tyuyoshi,"2026-05-23 06:50:09",9.591,54,hasegawatsuyoshi
797,15867802,"Hanif Noer Rofiq","2026-06-04 05:30:24",9.591,9,hanifnoerrofiq
798,15948078,BJJWWANG,"2026-05-16 06:11:04",9.592,16,bjjwwang
799,15995182,HZM,"2026-05-17 01:55:13",9.593,2,leehann
800,15931692,"Michael R","2026-05-30 20:38:43",9.593,20,mrpies
801,16209063,lyhlyh,"2026-05-20 07:00:55",9.594,15,"lyhyh123,matianyuu"
802,15882408,GGbond,"2026-05-23 14:26:40",9.594,3,dalilalala
803,15867396,geeknik,"2026-05-30 00:03:34",9.595,32,geeknik
804,15875519,"Sung Heo","2026-05-30 01:53:25",9.595,26,kmmmvs
805,16039933,"Sercan Yeşilöz","2026-05-27 21:55:55",9.599,5,sercanyesiloz
806,15892312,moeuuu,"2026-05-23 01:53:09",9.600,13,moeuuu
807,15949026,"Zhong Lyu","2026-05-21 04:23:12",9.601,24,zhonglyu
808,15966439,"Ali mohon","2026-05-27 14:01:59",9.602,14,alimohon
809,16093906,"Gain John","2026-05-31 15:25:46",9.602,17,gainjohn
810,15865769,"Prometio Group","2026-06-07 14:11:07",9.604,60,"kimberleyduran,sebastiangil00"
811,15993745,"The 13th Seat of The Genius Club","2026-05-24 03:17:40",9.605,14,wudangdexiaodoashi
812,15914877,"Dhairya Jaswani","2026-05-19 22:03:32",9.606,18,dhairyajaswani
813,16100122,"Zheng Yukun","2026-06-01 05:45:52",9.606,7,zhengyukun08
814,16087648,"Ziheng Zhang","2026-06-01 06:33:26",9.607,11,nudtdmzzh
815,15864035,"YePing Lin","2026-05-15 06:55:36",9.607,24,linyeping
816,15892632,"Joy Boy","2026-05-18 01:46:50",9.610,24,arpitsingh2744
817,15892021,JinchengZhang1,"2026-05-17 10:49:15",9.611,5,jinchengzhang1
818,16025001,ZhaorongDai,"2026-05-24 00:24:13",9.613,30,zhaorongdai
819,15866570,"G karthik koundinya","2026-05-18 15:26:58",9.617,34,gkarthikkoundinya
820,15994373,Sanjay_Arvind,"2026-05-28 04:48:39",9.617,30,sanjayarvind
821,16024469,Seawolf,"2026-05-19 15:20:01",9.620,1,xiwuhan
822,16102328,Lio,"2026-05-29 21:00:49",9.622,5,motive
823,15896679,UT,"2026-05-31 09:46:08",9.622,21,umedatomoki
824,15922995,Momoo,"2026-05-22 02:48:03",9.622,36,lizhiiii
825,15891024,"Marek Nurzynski","2026-05-22 21:48:30",9.623,2,marek3000
826,15943731,"Ken Ohshimo","2026-05-29 08:14:32",9.624,14,kenohshimo
827,15922786,"Dummie Man","2026-06-05 02:09:13",9.625,5,daikimurakami
828,15890146,"Paulo Pinto","2026-05-21 16:44:37",9.625,16,paulorzp
829,15949492,luckyappley,"2026-05-13 14:50:27",9.626,1,luckyappley
830,15899455,"Seine A. Shintani","2026-05-18 06:40:26",9.626,13,seineashintani
831,15949571,"Mohit Sharma07","2026-05-13 18:05:30",9.627,4,mohitsharma07
832,15886558,"Andrey Zhabsky","2026-05-13 15:12:51",9.627,10,tyulpan
833,15868445,"Day After Day","2026-05-15 06:38:36",9.629,14,linkinpony
834,15891313,"Tianzhen Yang","2026-05-18 02:07:26",9.629,4,snorfyang
835,16086788,"Shamim Kabir Kazim","2026-06-06 11:35:38",9.631,3,shamimkabirkazim
836,15880472,"Hem Viramgama","2026-05-12 09:28:23",9.631,7,hemviramgama
837,15967253,Arturklik,"2026-05-26 03:09:25",9.633,43,"arturklik,bitmann0"
838,15983273,Chalyx,"2026-06-06 01:57:57",9.634,12,chalyx
839,15902399,moJahani,"2026-06-07 08:56:56",9.634,22,mojahani
840,15868330,"Akshan Krithick","2026-06-07 16:31:01",9.635,58,akshankrithick
841,16000531,TedTian66,"2026-05-24 02:29:06",9.635,1,"sylvanas9527,tedtian66"
842,15914588,william.wu,"2026-05-14 18:08:18",9.635,19,wuwenmin
843,15890918,torrreeesss,"2026-06-01 04:08:03",9.637,12,torrreeesss
844,16117394,"Md. Iqbal Hossain","2026-05-31 06:39:48",9.638,2,mdiqbalhossainjoy
845,15882907,burgundy,"2026-05-13 02:14:17",9.638,15,burgundy
846,15885929,Hibat,"2026-05-18 10:26:11",9.640,15,hibaterrahmendjecta
847,16051355,"Htet Naing","2026-05-31 00:52:47",9.641,25,javelin1991
848,16003318,itsuki-data,"2026-06-02 09:19:30",9.641,2,itsuki89
849,15884600,shadowmask1130,"2026-05-19 12:51:27",9.642,9,shadowmask1130
850,16055287,"Adam Vajda","2026-05-23 11:40:46",9.646,3,vajdad4m
851,15908101,"Alexandru Tanasel","2026-05-22 14:12:49",9.650,5,tanasel
852,16026513,victor,"2026-05-20 16:55:01",9.650,10,vicmcorrea
853,15871344,dsafdsaf132,"2026-05-21 06:40:44",9.653,10,dsafdsaf132
854,15972530,"Adarsh Sharma","2026-05-30 09:34:21",9.654,21,adarsh5harma
855,15894791,Hellboy,"2026-06-03 17:59:44",9.656,29,helmirinaldi
856,16131092,yankang_XZK,"2026-06-01 10:08:59",9.657,5,yankang233
857,15968590,Stencil,"2026-06-05 10:38:00",9.659,23,carlosarmeromoneo
858,15985299,"Antoine Passemiers","2026-05-30 18:44:15",9.661,6,antoinepassemiers
859,15892441,"Jeremy Lih","2026-06-08 03:36:28",9.661,10,jeremylih
860,15870581,da_pond,"2026-05-20 15:08:04",9.662,4,dapond
861,16055248,U29oYW0gU2Vu,"2026-05-24 05:23:10",9.664,1,theawesomecoder
862,15899316,"Simon Makumi","2026-05-27 15:48:35",9.664,24,mufasasimon
863,16098267,BrownMar,"2026-05-28 07:30:11",9.665,1,brownmar
864,15945382,wfzvic,"2026-05-19 11:36:54",9.666,16,wfzvic
865,15947938,mutant2001,"2026-05-14 21:47:47",9.667,8,mutant2001
866,16251874,A.G.TENSHU,"2026-06-08 05:08:16",9.667,8,kirvk013
867,15863589,Victor3113,"2026-05-20 03:50:23",9.667,29,victor3113
868,15879361,"Pavel Pavlov","2026-05-29 17:48:21",9.668,8,akakii
869,16052415,"Chloe Lee","2026-05-24 10:27:18",9.668,5,baytree1238
870,15868155,"Johnson Chishimba","2026-05-14 22:02:33",9.669,22,johnsonchishimba
871,15999329,"well digger","2026-06-07 16:55:15",9.669,19,"hikari30,yamashitamotokazu"
872,15868566,"Clark Kitchen","2026-05-22 00:32:01",9.670,12,clarkkitchen
873,15866315,"jorge fabian avila","2026-06-06 19:33:26",9.670,8,jorgefabianavila
874,16040319,Unicorn,"2026-06-02 01:11:01",9.671,15,scutxuanyu
875,15935708,Yallon,"2026-05-14 05:19:14",9.671,2,yangq369
876,16007210,"João Victor","2026-05-26 16:20:34",9.671,27,jvlegend
877,15895041,musculer,"2026-05-26 07:36:44",9.671,21,musculer
878,15999555,"Koki Nozawa","2026-05-17 05:30:39",9.672,1,noza198
879,15934365,"Shubham Vaghasiya","2026-05-17 05:57:11",9.679,14,shubhamvaghasiya
880,16079776,"Swapnil Tripathi","2026-05-28 00:42:12",9.680,3,swaptr
881,15893485,"Abdul Wahab Khan","2026-05-13 03:16:24",9.682,2,abdulwahab2321
882,15875385,"Yoshimura Koei","2026-05-27 07:48:41",9.685,28,yoshimurakoei
883,16039714,onick_man,"2026-06-03 09:29:11",9.686,6,ftakahas
884,15905640,G.ishinabe,"2026-06-01 02:50:46",9.687,30,gishinabe
885,16011366,Spark3,"2026-05-30 13:25:53",9.689,11,yomisys
886,15892060,Ttkuma,"2026-05-22 01:53:34",9.690,5,ttkuma
887,16118165,rikuter67,"2026-06-07 15:17:16",9.691,33,rikuter67
888,16139245,Flow3ry,"2026-06-01 06:15:10",9.691,1,flow3ry
889,15870917,"Raphael Malikian","2026-05-14 09:34:03",9.693,2,raphaelmalikian
890,15920458,Sushirina,"2026-05-26 02:33:11",9.694,28,"carinazhang299,jessieeee111"
891,15885498,"SEYED MEHDI SADAT HOSSEINI","2026-05-24 06:16:28",9.695,17,asamasach
892,15996256,"Tugay Abdullazade","2026-05-17 12:51:10",9.695,3,tuqayabdullazade
893,15878123,"Nick Styles","2026-06-03 19:47:52",9.698,3,styles
894,16086009,Diganta,"2026-05-26 18:13:28",9.702,3,digantabhattacharya
895,15895990,yanqiangmiffy,"2026-05-26 04:40:28",9.704,49,quincyqiang
896,15904686,kaggle_白,"2026-05-17 04:22:33",9.704,14,asdfghasdf
897,16047530,Mohib,"2026-05-30 05:56:32",9.704,4,mohib94
898,16022601,JojiZhou,"2026-05-31 11:37:50",9.706,19,jojizhou
899,15994125,iamlonely,"2026-06-03 08:54:05",9.707,6,iamlonely
900,16008078,LLLL,"2026-05-27 07:54:32",9.707,20,"lllyuaa,sepiris"
901,15940752,"Zhengyi Cui","2026-05-19 03:37:11",9.709,3,zhengyicui
902,16089890,takoihiroaki,"2026-05-29 00:43:04",9.711,3,takoi55
903,15910598,moss,"2026-05-18 05:02:54",9.712,32,kenyashimizu
904,15941504,zhen_huier,"2026-06-01 09:32:23",9.714,36,zhenhuier
905,15880430,"Hiromune Wada","2026-05-13 09:32:01",9.717,4,hiromunewada
906,15899900,"Master Teo","2026-05-14 01:03:36",9.719,19,sirteo
907,15926879,Sankaran-Techjays,"2026-05-14 05:38:34",9.719,7,sankaranrajendran
908,15948207,"Bogdan Kovenko","2026-05-14 08:02:57",9.719,10,bogdan355
909,15984391,Renfy,"2026-05-18 13:01:20",9.719,10,renfly
910,16038517,"Kaung Hset Hein","2026-05-26 06:42:13",9.719,5,kaunghsethein
911,15970402,"Maxim Danilov","2026-05-24 17:35:37",9.719,6,thypogean
912,15864719,"Descendants of General Giap","2026-05-28 14:59:48",9.720,33,bibanh
913,15874100,UOM_190471C,"2026-05-19 05:27:26",9.721,30,uom190471c
914,15891936,"Lei Wang","2026-06-04 02:05:06",9.721,46,cherylwang
915,15865790,Valentina,"2026-06-01 23:10:36",9.725,22,valecc
916,15873987,"Shien Zhang","2026-05-28 09:38:18",9.725,2,shienzhang
917,16092005,J,"2026-06-03 08:20:37",9.727,11,zhoujiachen
918,16046307,soramame0311,"2026-05-22 08:02:54",9.727,1,ano12pmo
919,16209001,"mert bk","2026-06-07 04:19:59",9.728,16,mertbk
920,15875152,"Proteek Chaudhuri","2026-05-18 08:23:02",9.729,15,proteekchaudhuri
921,15866816,Hiro_Oza,"2026-05-24 01:21:18",9.731,39,ozhiro
922,15938758,"Dmitry V","2026-05-12 13:10:12",9.733,1,sam1dy
923,15916644,Reexel,"2026-05-13 10:39:31",9.738,15,ky7240
924,16046357,"Cam-Luan Truong","2026-05-31 04:35:28",9.738,6,luantruong
925,15865710,"XS 330","2026-06-06 12:11:39",9.741,10,xblade
926,16158928,ry2525,"2026-06-02 14:54:57",9.745,1,ry2525
927,15880816,mango,"2026-05-24 07:52:56",9.745,1,mango789
928,16045155,Mathemortician,"2026-05-21 22:22:47",9.746,1,mathemortician
929,16022558,Milo777,"2026-05-23 19:00:13",9.747,6,milo777
930,15920570,"Martin Mbalkam","2026-05-28 19:20:45",9.748,5,martinmbalkam
931,15901315,TinuMalik,"2026-05-19 03:16:12",9.749,13,tinumalik
932,15864555,"Aleksandr Zakharov","2026-05-15 18:21:16",9.751,1,fanich71
933,15868277,c0sm1c,"2026-05-27 08:30:11",9.751,11,"emtovo,tanghao111,zenosga"
934,16054806,devilvamp_17,"2026-05-24 11:10:35",9.753,1,"devilvamp17,prabhpreetsingh5"
935,15880601,千菅弘夢,"2026-05-21 03:33:55",9.753,26,chisuga
936,15981744,"Alister Luiz","2026-05-15 07:41:47",9.754,1,alisterluiz
937,16004053,guoyihui,"2026-06-06 09:40:10",9.755,15,guoyihui
938,15870158,"Timofey Kalyak","2026-05-25 13:42:11",9.755,11,timofeytweaky
939,15867772,"Thach Ninh","2026-05-15 12:27:42",9.765,18,thachninh
940,15879345,WBF_USA_NYC,"2026-05-30 03:03:43",9.766,26,wbfranci
941,15865176,Pascal,"2026-05-24 02:26:47",9.767,12,pascalledesma
942,16070530,"kuroda ryosuke","2026-06-04 16:02:31",9.771,3,kurodaryosuke
943,15920750,"Ignasi Alemany","2026-05-28 10:34:36",9.773,21,ignasialemany
944,16127096,xerkey,"2026-06-01 11:36:59",9.773,3,xerkey
945,15864737,"Sebastian Mateus","2026-05-11 20:15:45",9.774,3,sebastianmateus
946,15897466,"Emile Andrieu","2026-05-18 13:09:39",9.775,5,emileandrieu
947,15922022,Vish,"2026-05-31 10:56:08",9.775,5,vishhvaksrinivasan
948,15877450,"Felipe Cataneo","2026-06-02 17:39:24",9.778,15,felipecataneo
949,16118902,"Varun Rao","2026-05-31 08:46:14",9.778,3,varunraosfanlkan
950,15867158,"RITTWIK BHOWMICK","2026-05-27 18:19:19",9.779,6,rittwikbhowmick
951,16018478,"Matt graham","2026-05-27 22:43:20",9.782,8,mooseml
952,15996045,Atreus,"2026-05-18 01:10:06",9.782,3,evangele
953,16051520,"Abdullah Khan Sherwani","2026-05-22 19:03:20",9.784,2,abdullahkhansherwani
954,15868082,hahahaj,"2026-05-28 09:41:54",9.784,10,"gongyuting,hahahaj"
955,15950285,jamrclem,"2026-05-19 09:38:26",9.785,4,jamieclements
956,16005694,Tensor,"2026-05-18 23:04:54",9.785,9,ivankallio
957,15870993,"tensor choko","2026-05-18 23:31:56",9.785,3,tensorchoko
958,15864211,"Triston Morgan","2026-05-14 09:55:10",9.788,4,yanzhou06
959,15872774,"rik srimany","2026-06-07 06:43:59",9.789,40,riksrimany
960,15908381,"Rayyan Khattak","2026-05-14 08:30:19",9.790,9,imaprobro321
961,15871731,"Zhesheng Xu","2026-05-15 11:09:28",9.791,10,ericxu0924
962,16055870,"Alexander Gremyakov","2026-05-31 11:20:28",9.791,16,alexandergremyakov
963,15894051,akane,"2026-05-22 04:29:42",9.792,16,nagataakane
964,15997776,"Kwaku Wiredu","2026-05-21 09:30:53",9.794,2,kwakuwiredu
965,16054375,Liovinajo,"2026-05-30 08:41:09",9.795,26,liovinajo
966,16006152,Ramzi,"2026-05-17 21:35:15",9.796,1,rzoforai
967,15970851,"ahmed cherif","2026-06-01 18:20:34",9.797,18,ahmedcherif19111998
968,16043441,jlw123456,"2026-06-07 17:01:11",9.797,9,jlw123456
969,16048207,Yangranran,"2026-05-28 02:52:59",9.798,11,yangranran
970,16018111,"Iaroslav D.","2026-05-19 02:05:32",9.799,1,zhjckfd
971,15901177,Impact_Makers,"2026-05-31 16:07:17",9.800,10,"haridoss31,nithinnivhar,pravinkannan18,sivasudharsanb"
972,15912989,"Raja Sai Vardhan","2026-06-04 18:50:16",9.801,16,rajasaivardhan
973,15870977,"Krishna Priya","2026-05-30 18:53:19",9.802,12,krishnapriya18
974,15936673,Krecik,"2026-05-24 18:19:39",9.803,9,igorkolodziej
975,15868952,"PARAG VIJAY PAWAR","2026-05-17 07:22:20",9.804,5,paragpawar2008
976,15885057,codylee,"2026-05-11 15:35:26",9.804,2,techsaswata
977,15867827,rakumo,"2026-05-31 23:38:19",9.806,3,sirakumo
978,15867780,hikahika,"2026-06-03 13:37:44",9.807,6,naganohikaru
979,16016297,もこもこ,"2026-05-23 18:42:43",9.807,10,mokomoko3
980,15880076,cotora2121,"2026-05-17 10:57:24",9.809,1,cotora2121
981,15866322,ONODERA,"2026-05-12 14:08:52",9.812,6,onodera
982,16053570,"Le Van Khoa","2026-05-23 07:02:24",9.812,2,khoalevan37
983,16071257,"Marcelo Destefani","2026-05-30 11:29:32",9.814,25,destefanim
984,16070563,"Nannicha Phraemetta","2026-05-25 12:31:17",9.814,3,nannichaphrapersonal
985,16132304,"Qiyue Wu99","2026-06-02 17:54:50",9.815,5,qiyuewu99
986,16116101,MakiMakiAi,"2026-05-30 12:40:31",9.817,3,makimakiai
987,16103130,JosephMontana,"2026-06-04 01:02:27",9.817,11,josephmontana
988,15894665,"Aloïs Simon","2026-05-17 05:28:31",9.818,10,alossimon
989,16023281,"Kyaw Nanda Thu","2026-05-23 09:45:21",9.819,7,kyawnandathu
990,16019525,Mark`n,"2026-05-27 02:46:19",9.820,1,masarusanada
991,16016616,"Ryosuke SHIMIZU","2026-05-30 10:59:43",9.820,11,tttgazerttt
992,15890042,ulasdesouza,"2026-05-26 00:43:04",9.821,16,ulasdesouza
993,16020298,Bayarbat,"2026-05-25 06:22:02",9.821,1,baba1230
994,15953553,Geo-Team,"2026-06-01 13:23:09",9.824,9,olegolas1
995,15881127,bestwater,"2026-05-22 02:06:10",9.826,30,bestwater
996,15938050,eyui1128,"2026-05-23 14:35:46",9.828,12,eyui1128
997,15877747,betterme12345,"2026-05-17 09:17:04",9.828,1,betterme12345
998,15871286,おちゃ,"2026-05-31 16:30:16",9.839,11,ocha4728
999,15942021,"Harish K","2026-05-12 19:25:52",9.839,1,harishk2209
1000,16020372,Miao,"2026-05-19 06:41:37",9.840,1,weijiemiao
1001,16092817,"Toshifumi Komiya","2026-06-05 15:10:13",9.843,7,toshifumikomiya
1002,16007414,"Scenery SunFireInk","2026-05-25 13:51:47",9.844,4,scenerysunfireink
1003,15866405,"Meenal Sinha","2026-05-14 06:55:20",9.846,1,meenalsinha
1004,16099643,"Pardheev Krishna","2026-05-28 17:12:08",9.846,4,pardheev
1005,15877655,spbforce,"2026-05-23 06:17:48",9.846,16,spbforce
1006,15864667,AnpAn_Men,"2026-05-13 15:39:50",9.847,2,anpanmen
1007,16076347,"Felipe Ferreira","2026-06-05 11:45:43",9.847,9,felipeporcher
1008,16024286,kazukazupi,"2026-05-31 08:23:43",9.847,2,kazukazupi
1009,15870379,"sampath bharath","2026-05-24 06:09:30",9.849,17,sampathbharath
1010,15868525,"Ravindra kapse","2026-05-26 04:24:51",9.849,18,ravindrakapse
1011,15872169,"Enis Teper","2026-05-14 11:10:26",9.849,27,enisteper1
1012,15908240,"Marcin Jarosz","2026-05-17 18:15:51",9.852,20,mjarosz
1013,15947464,"Anupam Singh122","2026-05-15 09:09:11",9.853,1,anupamsingh122
1014,15868186,Malespero,"2026-05-19 13:43:38",9.855,6,malespero
1015,15969887,CalyxNZ,"2026-05-15 00:02:48",9.857,6,domengland
1016,15919593,"Aditya Kar","2026-05-29 08:48:04",9.857,9,karadi1997
1017,16100728,Metropolis40,"2026-06-05 10:15:19",9.858,6,metropolis40
1018,15892460,Ansarsky,"2026-05-12 10:33:01",9.859,20,ansarsky
1019,15905311,Jordan,"2026-06-08 03:53:29",9.860,58,extergeist
1020,15870928,LokeshRana44,"2026-05-15 06:47:38",9.860,25,lokeshrana44
1021,15911448,"Keith Tang","2026-05-26 10:37:16",9.865,3,tangtszkwong
1022,15899318,horizen12,"2026-05-24 05:40:05",9.866,24,horizen12
1023,16005826,"Ben Jenkins","2026-06-05 21:33:37",9.868,8,"benjenkins96,jgschaefer,stevejenkins"
1024,15881059,akihiro,"2026-06-05 12:14:49",9.868,42,akihirokkkkk
1025,16114627,Murppp,"2026-05-31 20:46:46",9.869,2,murppp
1026,15874326,sottnik,"2026-05-19 04:53:15",9.869,2,sottnik
1027,16052327,"Ripon C. Malo","2026-05-26 07:39:58",9.870,6,riponce
1028,16057102,"Euro Pochvasin Parinyaprach","2026-05-24 12:01:59",9.871,4,europarinyaprach
1029,16048638,"Louis KLASING","2026-05-29 11:10:56",9.873,25,louisklasing
1030,15864533,"Mrutyunjay Joshi","2026-05-16 17:42:41",9.873,4,mrutyunjayjoshi
1031,16045563,JJShadow,"2026-05-22 00:59:50",9.874,1,rvslight
1032,16086111,Venkat,"2026-05-27 16:50:17",9.876,1,venkatnallapu
1033,15877899,"Ayush Gupta #2","2026-05-12 17:31:00",9.878,4,ayush500
1034,15893835,porply,"2026-05-31 12:40:40",9.880,5,porply
1035,16036257,mohsen2050,"2026-06-07 17:03:01",9.881,21,mohsen2050
1036,15974804,"Alessandro Virga","2026-06-06 21:24:52",9.881,20,alessandrovirga
1037,15984981,WentJiao,"2026-05-25 07:58:13",9.884,16,bigbigclever
1038,16059539,"Macaulay Oladimeji","2026-06-01 20:43:33",9.887,19,macaulayoladimeji
1039,16077021,Yufeng,"2026-05-25 23:56:25",9.888,1,mxtennet
1040,15914632,xsong2020,"2026-05-14 00:06:01",9.892,2,xstargate
1041,15904590,"Shiv Satyam","2026-06-02 19:09:02",9.893,5,shivsatyam
1042,16096671,geshuai,"2026-06-03 13:32:00",9.893,14,opengs7
1043,16071513,KimMun,"2026-06-03 15:37:01",9.895,6,munhyeong
1044,15914500,"Eslam Elokpy","2026-05-13 13:30:50",9.898,5,eslamelokpy
1045,15874693,Ichigo_E,"2026-05-26 13:44:55",9.903,6,ichigoe
1046,16141328,gominsi,"2026-06-05 16:46:39",9.903,6,gominsi
1047,15863651,JeremyH43,"2026-05-26 18:47:06",9.904,43,jeremyh43
1048,15949179,"Etienne Mlt","2026-05-14 14:18:11",9.905,4,etiennemlt
1049,15917288,"Peter KK","2026-06-03 18:04:56",9.905,9,peterty
1050,15921432,"PRASHANT SHUKLA91","2026-05-18 07:24:39",9.909,8,prashantshukla91
1051,15866503,"Exalted Joseph","2026-05-12 01:31:50",9.909,1,theexaltedone
1052,16045302,"Dheeraj varma1287","2026-05-24 01:54:50",9.910,3,dheerajvarma1287
1053,16070229,"Alexander Karpich","2026-06-02 03:45:42",9.910,13,lambdaterm
1054,15867513,"TABOUT MHAMED","2026-05-18 18:26:54",9.911,13,taboutmhamed
1055,15867627,seven,"2026-06-07 10:04:30",9.911,11,morikawatakeshi
1056,15871604,samu2505,"2026-05-12 02:13:18",9.913,1,samu2505
1057,16029066,Habibur_Rahman,"2026-05-21 04:33:23",9.917,6,habiburrahman15
1058,15864296,I2nfinit3y,"2026-06-07 16:47:27",9.917,3,i2nfinit3y
1059,16101647,Doit,"2026-05-29 04:39:13",9.919,3,"aifccnb,gaussashely"
1060,15869530,"Lê Quang Anh","2026-05-10 10:08:29",9.922,2,lquanh
1061,15865227,"Muhammad Hassan Saboor","2026-05-17 05:31:32",9.925,17,mhassansaboor
1062,16009057,Vic710,"2026-05-22 09:28:35",9.925,5,shloksangamnerkar
1063,16098867,Andrey,"2026-06-01 06:22:09",9.926,8,andrey885
1064,15902396,"Alpha ROGII","2026-05-22 08:15:51",9.928,5,"chiragmc,udaysonawane"
1065,15870623,vkhydras,"2026-05-27 15:56:34",9.931,12,vickimar
1066,15940510,"Amged Alfaqih","2026-05-13 20:26:41",9.932,4,AmgedAlfaqih
1067,15907115,Wakabourne,"2026-05-23 22:10:20",9.933,7,wakabourne
1068,15967225,YangJun@123,"2026-05-18 02:53:23",9.934,2,yangjun123
1069,15870556,"Emir Akdogan","2026-05-10 09:20:04",9.935,16,ahmetemirakdogan
1070,15993502,"Pranjal Verma","2026-05-16 11:39:46",9.938,1,pranjalverma08
1071,16145051,fukangzhang9,"2026-06-05 07:17:22",9.938,12,fukangzhang9
1072,15868242,tuannm3812,"2026-05-24 14:05:15",9.941,9,tuannm3812
1073,15871414,"Trying to do better","2026-05-17 11:03:22",9.946,1,huanhkv
1074,16104592,"Alem Amenov","2026-05-31 15:48:17",9.946,6,alemamenov
1075,16091348,emreaydin,"2026-06-06 13:53:10",9.947,9,aydinemre
1076,15874407,"Chattso-GPT (Yasuhito Yanagisawa)","2026-05-18 02:53:29",9.949,6,yasuhitoyanagisawa
1077,15908929,"Yield Smarter","2026-06-01 13:24:17",9.950,7,yieldsmarter
1078,16110331,Chriz,"2026-05-30 08:29:42",9.954,2,chrisopherjoshy
1079,16115156,"Franklin Gois","2026-05-31 03:53:15",9.954,2,franklingois
1080,16137320,Almeida,"2026-06-07 17:27:47",9.954,7,alphaarcher
1081,16027263,Baptiste_74,"2026-06-04 17:12:00",9.956,7,baptiste74
1082,16058935,"Ismail Umar Ajingi","2026-05-25 07:36:16",9.958,6,ismailumarajingi
1083,15873529,"John Scanlan","2026-05-20 21:49:44",9.959,25,johnscanlan
1084,16216238,yamadan96,"2026-06-07 13:33:34",9.959,8,yamadan96
1085,16135756,"khang nguyen","2026-05-31 17:53:02",9.963,1,niraitoo
1086,16034644,Phi,"2026-06-03 08:47:51",9.963,4,ajinomoto132
1087,15947790,"Sergei Tikhonov","2026-05-13 12:28:14",9.964,1,stkhnv
1088,15955090,"Bảo Phan","2026-05-30 08:45:17",9.964,11,baopv05
1089,15897718,NeckBeard,"2026-05-13 12:21:17",9.965,19,akihiroorita
1090,15890852,Hayalet,"2026-06-04 11:43:18",9.971,53,ssabribb
1091,16049181,Todo_M_Mame,"2026-05-23 01:35:23",9.971,4,titanic12
1092,15875024,senkin13,"2026-05-16 13:14:47",9.974,8,senkin13
1093,15914864,"Anselm Adrian","2026-05-12 16:55:55",9.976,2,anselmadrian
1094,15882833,Pruden,"2026-05-21 11:56:42",9.978,2,mohammedm0iz
1095,15885054,Mommi,"2026-06-07 14:44:04",9.978,49,khaledben
1096,16215508,"Yuanbo Pang","2026-06-07 08:54:25",9.980,15,yuanbopang
1097,15988634,npetitclerc,"2026-06-07 09:13:14",9.981,7,npetitclerc
1098,15923179,yukanglimofficial,"2026-05-13 01:26:32",9.982,3,yukanglimofficial
1099,15868256,"ZITAI ZENG","2026-05-29 14:29:11",9.982,1,gruubyhimself
1100,15948669,"Tomoki Nishikawa","2026-05-13 13:11:17",9.984,1,nimonimo
1101,15873761,Fishmans,"2026-06-03 03:40:29",9.985,30,oygdri
1102,15897244,"Shigeru Kondou","2026-06-06 23:35:32",9.985,19,shigerukondou
1103,15875454,"LAHOUCINE BOUSMENE","2026-05-23 18:41:53",9.986,32,fadmadahouz
1104,15894892,khursani,"2026-05-15 06:44:20",9.986,20,khursani8
1105,15889140,drillers,"2026-06-01 21:17:26",9.987,32,"alekseic,kyrylolavrynenko"
1106,15970747,brexe,"2026-05-25 14:15:12",9.988,19,"brexit,mouradyoussoufi"
1107,15982386,JezzLynn,"2026-06-04 08:00:11",9.991,6,jezzlin
1108,15899332,PxlPau,"2026-05-27 03:26:16",9.992,10,studybeetutoring
1109,15880137,Mahdieh,"2026-05-31 17:24:28",9.995,16,mahdiehrezaie
1110,15878262,alex,"2026-05-13 23:13:06",9.995,16,alex23535
1111,15864971,"Ganesh Sharma","2026-06-07 12:05:59",9.997,113,ganeshstemx
1112,15965810,nazorazaja-v10-twin-torbo,"2026-05-16 08:00:08",9.998,8,"lordnawazx,soradacroi"
1113,15930207,"Simona Gradinaru","2026-05-19 13:18:08",9.999,2,simonagradinaru
1114,15924546,Junlaii,"2026-05-11 06:14:45",10.001,1,junlaii
1115,16033184,"moncef elm","2026-05-30 12:38:46",10.003,4,moncefelm
1116,15892836,"Bekhzod Olimov","2026-05-19 08:26:38",10.005,8,killa92
1117,15870872,"nk for work","2026-05-24 17:34:25",10.005,10,nkforwork
1118,16020942,shadow-boxing,"2026-05-24 13:58:52",10.008,1,jerrywu0605
1119,16045026,"Nikita Stepochkin","2026-05-31 20:21:13",10.008,12,nikstep
1120,16157280,Eram,"2026-06-07 16:39:40",10.009,24,enislayramentol
1121,16079487,"Pembek Anton","2026-05-26 05:50:32",10.009,1,pembekanton
1122,16064856,"Younes Hlal","2026-05-27 13:51:45",10.010,2,youneshlal
1123,15877638,"Vietnam - Nguyễn Hoàng Anh","2026-05-26 00:39:12",10.011,15,hoanganhjuu
1124,15879832,Justin,"2026-05-11 17:00:53",10.011,2,justin2009
1125,15921689,"Sudhir Sude","2026-05-30 09:55:07",10.013,20,sudhirsude
1126,16136452,Asim,"2026-06-02 18:24:21",10.014,6,aiwagan
1127,15892062,"Kim Jinseo","2026-05-17 11:33:39",10.015,4,kimjinseo1
1128,15984072,Loong,"2026-05-31 13:15:45",10.015,8,fullname852
1129,15915624,KarlYH,"2026-05-29 16:43:43",10.016,15,karlyh
1130,15938502,Xuan_,"2026-06-01 16:05:13",10.016,22,jdiame
1131,15911477,"vineet dairashri","2026-05-19 08:36:10",10.017,13,vineetdairashri
1132,16005250,Zejun_,"2026-05-17 18:09:52",10.017,1,zejunfool
1133,16134390,4san,"2026-06-07 08:58:18",10.018,4,soreiru
1134,15992744,"Pietro Maldini","2026-05-16 08:53:44",10.022,1,pietromaldini1
1135,16024265,"Hani Edy","2026-05-26 18:41:14",10.022,1,haniedy
1136,15891767,e-toppo,"2026-06-03 08:17:18",10.022,1,masatomatsui
1137,16095409,SamoraDC,"2026-06-04 01:46:03",10.023,4,samoradc
1138,16068456,wkdrbwnd1,"2026-05-30 07:51:34",10.025,4,wkdrbwnd1
1139,15892152,"sixue yang","2026-05-16 03:33:33",10.025,16,sixueyang
1140,15881569,Ahjin,"2026-05-24 16:02:54",10.026,16,megsharma
1141,15889027,"Jacob Aldrich","2026-05-20 22:56:38",10.028,12,jacobaldrich
1142,16151449,"AI Drillers","2026-06-08 04:58:31",10.030,6,"ramyaramachandran05,zahraasadeq97"
1143,16108582,"Nelson Mganga","2026-06-04 10:05:32",10.031,2,nelly43
1144,16014529,"Kushal ","2026-06-04 08:36:49",10.033,10,kushal0412
1145,15992727,Eissam.0,"2026-05-22 20:36:22",10.033,2,eissam0
1146,16053329,"Wenchong Huang","2026-05-24 05:59:59",10.035,3,wenchonghuang
1147,15962440,gougou1,"2026-06-06 17:31:36",10.037,29,gougou1
1148,16018310,Sense,"2026-05-19 01:50:32",10.041,1,yuuuuuuuuchu
1149,15948463,riicon,"2026-05-23 10:16:27",10.046,2,risakashiwabara
1150,15953650,"Mikey Marszewski","2026-05-14 01:42:10",10.046,1,mikeymarszewski
1151,16247860,"koh gyeol","2026-06-07 07:28:37",10.053,2,kohgyeol
1152,16022964,zoro9292,"2026-06-07 17:23:28",10.053,77,zoro9292
1153,15868644,laudari,"2026-05-19 05:13:04",10.055,7,laudari
1154,15866274,"Ugur Tasdan","2026-05-27 19:57:47",10.057,19,fairlanderflick
1155,15865935,"Adam Lee81","2026-06-02 19:20:17",10.058,25,adamlee81
1156,15873054,TAKMADA,"2026-05-28 08:49:12",10.058,31,takmada
1157,15911027,"Matthew Degtyar","2026-05-15 16:58:23",10.063,11,matthewdegtyar
1158,15907806,Kyle,"2026-06-03 08:29:23",10.067,9,kylewang12138
1159,15922212,johnny,"2026-05-29 05:39:35",10.071,4,jonykarki
1160,15913607,Mike,"2026-05-16 16:58:42",10.075,1,m1ck0n
1161,16132401,Ridako,"2026-06-01 05:37:42",10.076,1,narumifujii
1162,16042016,JNasimi,"2026-06-05 18:19:55",10.078,7,jahannasimi
1163,15938737,Noah.Weill,"2026-05-12 13:30:14",10.079,2,noahweill
1164,15863855,"Marcus Vinicius","2026-06-07 03:28:08",10.082,6,marcux777
1165,16001673,"Tagir Analyzes","2026-05-25 13:21:38",10.084,1,tagirkhairutdinov
1166,16056019,Salt708,"2026-05-25 14:18:24",10.085,5,shionao7
1167,15942512,"Wang Yibin","2026-06-03 12:33:13",10.086,14,wklyb1
1168,15882028,"Longkun Shi (Candyman)","2026-05-24 06:56:21",10.087,29,"jacksonhuang666,longkunshicandyman"
1169,15864821,"Anidipta Pal","2026-05-16 14:49:27",10.088,2,anidiptapal
1170,16034544,"Francesco N.","2026-05-23 22:26:32",10.088,3,y99dr4s1ll
1171,15875282,shinya,"2026-05-17 05:51:05",10.088,14,shinyanagai123
1172,15936278,"wking edewd","2026-05-18 10:37:08",10.092,1,wkingedewd
1173,16092374,Yizhuo,"2026-05-29 03:48:08",10.093,3,wangyiz
1174,15864356,marumarukun,"2026-06-08 00:23:26",10.095,4,marumarukun
1175,15865968,"Jiayu Li","2026-06-02 01:09:50",10.095,26,jiayuli32
1176,15864266,"Chen Nora","2026-05-13 01:50:30",10.096,1,chennora
1177,16090725,findshan,"2026-05-29 06:26:32",10.098,7,findshan
1178,15868597,"Rushank Choksi","2026-05-13 17:40:09",10.098,1,rushankchoksi
1179,15974383,"Chirag Desai","2026-06-07 22:08:04",10.099,25,cid007
1180,16016865,"Team Mellstroy","2026-05-20 15:55:42",10.100,7,bibisorobabydjon
1181,16127488,"Priyanka Sanjana","2026-06-04 08:09:59",10.103,10,"priyankanidadavolu,sanjanasangarimella"
1182,15907897,bellelli,"2026-06-02 12:36:36",10.103,7,vladikmegakid
1183,16132086,K-shir0,"2026-05-31 12:05:40",10.103,1,kshir0
1184,15897409,"Yash Mohan","2026-05-18 17:39:37",10.104,3,yashm917
1185,16042094,Kristian,"2026-06-01 15:41:34",10.105,6,aldisued
1186,16161352,LinearBasis,"2026-06-06 13:45:14",10.106,3,linearbasis
1187,15896136,Azhi,"2026-05-13 07:10:46",10.106,17,azh1sdad
1188,16051008,larry,"2026-05-22 18:26:02",10.107,4,larry141186
1189,15874802,oQoXOdK6,"2026-05-09 09:54:19",10.109,5,oqoxodk6
1190,15865517,"Ismail Mabrouki","2026-05-20 12:33:52",10.109,14,ismailmabrouki
1191,15996582,Bidhendi,"2026-06-08 03:13:17",10.114,10,ajbidhendi
1192,15869176,vicente01,"2026-06-07 19:14:36",10.115,64,vicente01
1193,15884871,UtaAzu,"2026-05-11 14:21:41",10.120,12,utaazu
1194,16109704,PGFLMG,"2026-06-04 07:25:48",10.121,10,pgflmg
1195,15991468,"Jun Ideal","2026-05-23 15:16:52",10.123,3,junideal
1196,16076761,"Kunal Aarse","2026-05-27 20:58:24",10.127,1,kunalinfinite
1197,16214930,Yuyajk,"2026-06-05 11:28:15",10.128,2,yuyajk
1198,16144048,YuriMIyamori,"2026-06-06 00:30:07",10.129,13,yurimiyamori
1199,16081239,n,"2026-06-01 22:00:55",10.129,3,fokinna
1200,16073954,"André Brasil","2026-05-27 14:02:16",10.131,1,abvwmc
1201,15925934,"Pann Chobkitchakarn","2026-06-07 16:20:39",10.133,23,pannchobkitchakarn
1202,15897552,sladwet,"2026-05-14 10:53:46",10.134,11,sladwet
1203,15886800,"[RU] Nikita Kuznetsov","2026-05-30 07:21:26",10.139,5,nikitakuznetsof
1204,15872018,Ares,"2026-05-30 11:33:01",10.139,16,"charlie1018,wangzikai666"
1205,15874417,"Evan Arlen","2026-05-22 12:29:34",10.140,16,evanarlenhandy
1206,15910513,"Rizky Anugrah Ananto","2026-05-25 09:15:10",10.140,11,rizkykiky
1207,15868602,"Mooo Yuan","2026-05-12 08:00:43",10.141,9,moooyuan
1208,15917387,"Oskar Seweryn","2026-05-16 15:18:34",10.142,7,oskarseweryn
1209,16013526,Windprince29,"2026-05-26 01:52:31",10.142,5,windprince29
1210,16235278,Amaranta,"2026-06-08 01:46:16",10.144,7,ulyanovantonamaranta
1211,15868576,"Seungmin Ha","2026-05-12 13:54:13",10.147,5,seungmin2987
1212,15898590,reez12g,"2026-05-09 01:18:03",10.149,1,reez12g
1213,15868085,"Yu_Krxfo _","2026-05-11 14:41:36",10.153,13,yukrxfo
1214,16197303,"Manoj Guduru","2026-06-05 03:37:17",10.154,1,manojguduru
1215,15869672,"ML MAVERICKS","2026-06-03 12:59:42",10.157,9,"anbuselvans7,ashwinanarendrakumar,gughangugu,kishorenarayanansr,varshinidevaraju7"
1216,15882313,yitiaoxiaoyuer,"2026-05-22 09:28:23",10.158,2,yitiaoxiaoyuer
1217,15876720,"Karnakbayev Artur","2026-05-17 19:45:55",10.159,22,karnakbaevarthur
1218,16035071,"Blessing Mwiti","2026-05-28 03:54:04",10.161,30,blessingmwiti
1219,15892022,"Yanggong Chi","2026-05-18 13:45:38",10.162,6,yanggongchi
1220,16256154,"Malinda Ersi Apriana","2026-06-07 14:33:17",10.164,2,malindaea
1221,15988405,DarkLayer​,"2026-05-25 07:03:53",10.172,16,nnpaopao
1222,15867183,"Abrar Chowdhury","2026-05-30 19:29:00",10.175,11,abrarchowdhury
1223,15871041,qizhenguo,"2026-05-31 17:38:57",10.177,22,qifei121243121243
1224,16052493,syoka4156,"2026-05-22 23:04:23",10.177,1,syoka4156
1225,15878357,"ömer kiraz","2026-05-09 10:38:10",10.179,1,merkiraz
1226,15881150,001,"2026-05-09 17:20:14",10.181,3,"calebchandrasekar,rister101,stharundhatri"
1227,15930773,anzy,"2026-05-12 12:32:38",10.184,2,anmolsin
1228,15872970,"Amit Kumar","2026-05-27 09:05:22",10.188,11,amitkr97531
1229,15881394,"Sam & Claude","2026-06-05 09:14:32",10.188,11,sdarmawan
1230,15932833,Coffeethefifth,"2026-05-29 01:06:23",10.191,10,okilireaya
1231,15955018,"Aflah T P","2026-05-17 06:20:25",10.193,3,aflahtp
1232,16241522,"George Daniel Gherasim","2026-06-07 11:46:43",10.199,12,georgedanielgherasim
1233,15866533,"Mohammad Dehghanmanshadi","2026-05-15 15:44:52",10.201,1,mohammaddehghan
1234,15922992,"Ali Afzal","2026-05-16 01:12:23",10.201,1,aliafzal9323
1235,16189291,今井大登,"2026-06-06 06:26:33",10.202,5,naru041104
1236,16032773,jieneng114514,"2026-06-01 11:59:46",10.203,18,jieneng114514
1237,15916744,"SAHIL AGRAWAL","2026-05-11 08:38:57",10.207,2,sahil1605
1238,15892986,gakuma,"2026-06-04 08:42:55",10.208,7,takedagaku
1239,16093742,Pawan4545,"2026-05-27 16:28:33",10.208,1,pawan4545
1240,15867050,"shrenik JADHAV9394","2026-05-10 00:36:38",10.212,2,shrenikjadhav9394
1241,15881289,jasy,"2026-05-29 10:02:27",10.217,72,jasythecoder
1242,15889599,Clyde,"2026-05-19 04:06:49",10.217,3,clyde7470
1243,15903312,キンミヤ,"2026-05-18 04:56:50",10.220,16,jaeeon2020
1244,16012957,"Jacobo Martin","2026-05-18 18:17:42",10.222,1,jacobomartin
1245,15884915,Rusevich,"2026-06-04 13:19:25",10.223,2,richardrusevich
1246,16029047,goodfox,"2026-05-21 02:58:27",10.229,3,goodfox
1247,15866700,"AYEGBE JEAN-NOEL DJAHOUA","2026-05-10 17:07:40",10.236,5,ayegbejeannoel
1248,15887856,"manish nadella","2026-05-29 15:03:39",10.236,7,manishnadella
1249,16112248,"Zhennan Wan","2026-06-07 14:48:08",10.238,2,zhennanwan
1250,16050360,Cafelatte1,"2026-05-27 06:33:51",10.241,11,cafelatte1
1251,16033497,Moeeee,"2026-05-28 07:50:08",10.245,5,"namsiunhon,vunnguyen"
1252,16062896,CLJY_2026,"2026-06-08 01:13:24",10.247,8,cljy2026
1253,15889558,Karthik,"2026-05-13 07:27:16",10.249,17,karg14
1254,15880585,12345,"2026-05-12 02:13:00",10.253,2,minghaomei
1255,16049531,"tomohito shimura","2026-05-29 15:09:09",10.255,12,tomohitoshimura
1256,15889495,"Nazmus Sakib","2026-05-30 07:04:43",10.255,30,beyondlogic
1257,15895570,"Zhile Zhao","2026-05-12 17:42:47",10.257,13,visterbai
1258,15867837,"Jonathan Roy","2026-05-14 11:48:10",10.260,25,jonathanroy7
1259,16022477,"Soichiro Shido","2026-05-20 14:02:00",10.260,4,soichiroshido
1260,15920823,jackykchan,"2026-05-11 15:53:22",10.262,3,jackykchan
1261,15938400,Yann,"2026-05-29 07:17:21",10.264,5,skeeyyann
1262,15936439,washida,"2026-05-13 15:19:17",10.264,1,washida
1263,16099047," Cheery Ose","2026-05-28 08:41:19",10.265,1,cheeryose
1264,15872587,"Lucien de Rubempre","2026-05-14 21:01:17",10.266,12,lucienderubempre
1265,15926932,Wirasasmita,"2026-05-13 02:06:04",10.267,1,saktiwirasasmita
1266,15944949,tacorice,"2026-05-26 06:17:10",10.269,1,atagiyuya
1267,15877209,"Saurabh Raj Varma","2026-05-10 16:41:08",10.270,1,saurabhrajvarma
1268,15923761,"Kaid Duong","2026-05-14 07:13:27",10.277,9,kaidduongcl
1269,16080658,冰镇大西瓜,"2026-05-31 10:34:48",10.279,15,xiguahaochi
1270,15866584,"Chen Peng","2026-05-13 21:58:56",10.279,14,"echoltao,pengchzn"
1271,16039784,"Tâm Tống Trọng","2026-05-21 14:43:48",10.295,1,tmtngtrng
1272,15865504,"Jason Karpeles","2026-05-17 05:08:27",10.301,5,jasonkarpeles
1273,16000730,QYQ1693,"2026-05-17 14:21:29",10.310,2,qyq1693
1274,15863668,"Komil Parmar","2026-05-14 01:17:11",10.312,21,komilparmar
1275,15865532,KaneDean,"2026-05-18 01:20:47",10.314,15,kanedean
1276,15914617,tytmcp,"2026-06-03 12:42:39",10.315,9,"kittonn,nakanishiwataru,narutakanomura,rikusasaki,sota1204"
1277,16186148,嵇禄lugent,"2026-06-07 22:36:26",10.323,4,lugent
1278,15873291,"Sandro Paradžik","2026-05-20 23:22:54",10.329,7,sandroparadik
1279,15986424,UncleWKTK,"2026-05-18 12:44:48",10.330,11,unclewktk
1280,15918920,amarbabu228,"2026-05-11 16:34:58",10.330,4,amarbabu228
1281,15879018,lanno19,"2026-05-11 06:06:39",10.331,3,lanno19
1282,15930891,PiKaaa,"2026-05-14 19:58:48",10.334,16,pikaaa
1283,16118879,Quincy_Chang,"2026-06-07 04:11:02",10.337,25,quincychang
1284,16066934,jtelcc,"2026-06-04 21:26:44",10.338,9,jtelcc
1285,15867688,"Ovie Odeimor","2026-05-10 16:18:48",10.339,9,ovieodeimor
1286,16046568,"Matthew Deakos","2026-06-06 18:09:32",10.365,8,mattdeakos
1287,15895567,TY.Yang,"2026-05-11 05:13:55",10.366,2,tianyiy
1288,15918270,Auravana,"2026-05-10 15:57:18",10.378,2,fountainheadle
1289,16103631,"Pavel Kuznetsov","2026-06-01 19:36:07",10.380,11,dzinski
1290,15865494,VladKochetov07,"2026-05-09 22:56:13",10.382,6,vladkochetov07
1291,15871537,Suienish_KZ,"2026-05-11 10:15:41",10.387,2,suienishmirambekov
1292,16022680,paceLee,"2026-06-07 10:28:49",10.390,13,pacelee
1293,16094673,"Roger Park","2026-05-28 06:02:15",10.405,3,rogerpark
1294,16090610,"Mathieu W","2026-06-07 15:34:39",10.411,7,mathieuw
1295,15918732,suxing-star,"2026-05-15 02:18:09",10.412,1,suxingstar
1296,16110366,"Gabriel Oliveira","2026-06-07 00:50:46",10.417,9,gabrieloliiveira
1297,15865150,"Irving Ernesto","2026-05-08 18:36:08",10.417,16,thermostatic
1298,15868894,"Hồng Bảo Đoàn","2026-05-09 07:56:26",10.418,8,hngboon
1299,15869300,"Ravi Shah11","2026-05-13 04:25:10",10.428,6,ravishah11
1300,16154958,syamoji141,"2026-06-07 08:00:28",10.428,3,syamoji141chan
1301,15902905,"Timo Diehm","2026-05-23 21:17:24",10.430,3,timodiehm
1302,15902415,"Amit Verma","2026-05-10 13:10:47",10.432,1,amitverma24
1303,15878439,"Lvov Stanislav","2026-05-11 09:10:17",10.433,3,tickflag
1304,15872357,konbu17,"2026-05-10 16:00:03",10.439,16,konbu17
1305,15871588,Amit_K_Singh,"2026-05-11 19:20:52",10.445,20,amit005
1306,15867340,ZAOUI_Yassine,"2026-05-12 20:56:36",10.449,3,zaouiyassine
1307,15942966,"Sergey Kahn","2026-05-21 16:54:40",10.453,4,sergeykahn
1308,15871098,"ANKIT AGARWAL","2026-06-02 16:06:01",10.459,12,ankwall223
1309,15929137,BillyBoyPA,"2026-05-21 14:10:34",10.462,4,billyboypa
1310,15881833,"Buchan Liang","2026-05-09 02:18:00",10.463,11,buchananliang
1311,15877881,"Rob Schieber","2026-06-07 23:25:42",10.466,51,robschieber
1312,15988579,ksew364,"2026-05-16 22:36:49",10.468,5,ksew364
1313,16143718,Ace1727,"2026-06-06 07:48:36",10.478,10,ace1727
1314,15913302,infamemconculcemus,"2026-06-07 19:32:05",10.488,45,jcgweb
1315,15867733,lyx0217,"2026-05-08 12:51:57",10.493,3,bojackkk
1316,16240827,kunai,"2026-06-07 06:29:31",10.494,2,kun4qi
1317,15921238,Jason-Oh,"2026-05-11 18:19:34",10.502,3,dossantoss
1318,15884630,"ran yi li","2026-05-09 11:24:03",10.507,6,ranyili
1319,15979693,AlexanderMolinar,"2026-05-18 14:55:38",10.512,5,molinarfamily2010
1320,16219866,"Silvio Delgado","2026-06-07 07:54:26",10.514,1,caelix
1321,15914459,digimagi,"2026-06-06 10:04:41",10.521,1,digimagi
1322,15909459,float_dream,"2026-05-13 15:53:37",10.538,4,floatdream
1323,15865314,skaak,"2026-05-28 05:59:10",10.543,18,mgferreira
1324,15908625,"Prashant Kikani","2026-05-09 13:40:16",10.549,1,prashantkikani
1325,15913627,ianchute,"2026-05-10 00:13:23",10.550,1,ianchute
1326,16146032,"Ilia Solomatin","2026-06-02 09:28:19",10.554,1,iliasolomatin
1327,15876915,stefanoclss,"2026-05-22 23:06:53",10.576,1,stefanoclss
1328,15867365,"José Manuel Echevarría Rubio","2026-05-29 06:26:39",10.587,10,jechevarriar17
1329,15864632,"Abhishek Yadav","2026-05-10 08:59:53",10.609,9,abhishekyadav2597
1330,15892145,simple,"2026-05-09 01:24:18",10.615,2,weekendt
1331,16047531,Riku1022,"2026-06-07 19:00:42",10.641,1,riku1022
1332,15869718,"Jay Prajapati","2026-05-30 14:17:43",10.645,39,coderjay
1333,15874570,aditya_mangla11,"2026-05-09 16:22:01",10.660,4,adityamangla11
1334,15883229,rickzai,"2026-05-19 04:39:35",10.661,10,rickzai
1335,15868681,leaf,"2026-05-09 08:03:44",10.677,9,xwite147
1336,16002296,susutem,"2026-06-07 22:55:54",10.679,4,susutem
1337,15872117,"Zeshan Akber","2026-05-22 04:49:29",10.683,13,zeshanakber
1338,16157927,"Nozomi Yaguchi","2026-06-06 07:05:52",10.697,1,tomokideguchi
1339,15864335,"AJINKYA CHINTAWAR","2026-05-11 09:52:12",10.704,8,ajinkyachintawar
1340,15865386,Evdilos_Ikaria,"2026-06-05 10:35:32",10.720,33,georgem
1341,15863665,kun_hail,"2026-05-19 08:10:12",10.727,9,kunhail
1342,15910372,Galza98,"2026-05-14 15:07:43",10.757,9,galza98
1343,16241339,Haakon,"2026-06-07 17:08:54",10.759,2,haakonandresen
1344,16007702,"Akash Deep","2026-06-02 18:44:44",10.771,12,akashdeepo
1345,16108554,"Robin Smits","2026-05-31 13:34:08",10.772,8,rsmits
1346,16038300,Chiranjith,"2026-06-03 12:09:02",10.781,4,chiranjithdharma
1347,15866459,"Abdul Malik Ajibade","2026-05-18 13:13:30",10.782,3,abdulmalikajibade
1348,15870780,tenten,"2026-06-06 14:17:05",10.784,14,takatoyoshikawa
1349,16012137,"Nicolas Bridelance","2026-05-22 08:24:24",10.790,2,nbridelancetb
1350,15869425,Vansh18,"2026-05-19 11:45:54",10.794,1,vansh18
1351,15908662,minghigh,"2026-05-30 06:55:11",10.813,8,minghigh
1352,15871323,"ISAKA Tsuyoshi","2026-05-10 06:28:37",10.814,11,isakatsuyoshi
1353,16252670,"Hugo Ponce","2026-06-07 18:52:20",10.836,4,hugoskn
1354,15898736,mzl13,"2026-05-09 15:27:23",10.837,1,mzl1978
1355,15878930,sidgaur92,"2026-05-09 19:03:32",10.838,3,sidgaur92
1356,15889069,"Hiếu Trần Trung","2026-05-09 22:15:24",10.840,13,iamtrunghieu
1357,15882685,Yijue1,"2026-05-10 04:03:26",10.841,5,yijue1
1358,15867480,"Maher el Ouahabi","2026-05-09 01:30:51",10.841,20,maherelouahabi
1359,15869481,"Ian L","2026-05-10 02:05:18",10.841,9,ianleonardo
1360,15928924,"Charwis Reno","2026-05-13 18:52:10",10.844,1,charwisreno
1361,15865645,SajayR,"2026-05-14 17:13:16",10.848,7,sajayr
1362,16228643,ihiratch,"2026-06-07 15:17:17",10.855,1,ihiratch
1363,16079798,"xavier fernando","2026-05-29 09:29:23",10.870,5,xaviertce
1364,15864576,"Ivan Ternovskiy","2026-05-09 15:56:55",10.872,2,aristophanivan
1365,15956269,Bilzard,"2026-06-03 10:34:02",10.874,8,tatamikenn
1366,15880800,------------下等马分界线------------,"2026-05-09 10:25:18",10.879,3,aaawenxu
1367,15865336,Theerawit,"2026-05-10 10:25:50",10.884,2,theerawitplukmontol
1368,15864814,wpl,"2026-05-07 18:15:48",10.888,11,peilwang
1369,15893975,"KITAURA Soki","2026-05-20 01:31:14",10.889,22,kitaurasoki
1370,15894293,"Naman Singh","2026-05-30 18:20:18",10.897,3,namansingh15
1371,16110310,harmo-miu,"2026-06-07 23:23:23",10.905,9,harmomiu
1372,16061994,insuperabilehart,"2026-05-24 13:43:12",10.922,2,insuperabile
1373,15875721,"Joey Fredrickson","2026-06-07 01:48:43",10.942,55,joeyfredrickson
1374,15867120,"Gamer LTDA","2026-05-10 07:15:51",10.948,12,gamerltda
1375,15869003,Kh0a,"2026-06-01 09:13:17",10.953,18,llkh0a
1376,15927514,masaakiwatanabe,"2026-05-17 01:26:20",10.974,3,masaakiwatanabe
1377,15995078,"Vivek Raj Anand","2026-05-23 22:19:05",10.974,13,vranand
1378,16131829,Morbius108,"2026-06-07 05:54:32",10.977,13,akash108
1379,16004023,vishnut,"2026-05-26 16:22:36",10.985,2,tpjvishnuvardhan
1380,15988696,Alb_bat,"2026-05-31 21:28:25",11.061,23,alberto1492
1381,15893163,"Nischay Dhankhar","2026-06-07 15:42:21",11.080,6,nischaydnk
1382,15867943,Ispagiytiy,"2026-05-10 18:59:26",11.094,9,ispagiytiy
1383,15874963,"Mitsuhiro Iizuka","2026-06-06 17:35:37",11.101,19,mitsuhiroiizuka
1384,15874933,"Giovanni Marco Dall'Olio","2026-05-10 19:30:03",11.107,3,dalloliogm
1385,16098116,"Sumant chakravarty","2026-06-08 01:39:58",11.110,3,sumantchakravarty
1386,15977523,CARMEN.AI,"2026-06-06 18:14:39",11.115,16,carmenai
1387,15991553,Pacifista,"2026-05-31 09:41:49",11.131,8,ruma3ruma3
1388,15868776,"Ahmad Alfian Faisal","2026-05-22 01:36:13",11.131,2,ahmadalfianfaisal
1389,15888803,Miker,"2026-05-10 09:26:16",11.144,9,miker1
1390,15911908,kuruma,"2026-05-18 18:22:47",11.147,10,takuroazuma
1391,15864273,"Nikita Shevyrev","2026-06-07 18:51:11",11.163,15,nikitashevyrev
1392,16051982,"japjeet singh","2026-06-01 05:10:30",11.172,12,japjeet26
1393,15931696,buaazwb,"2026-05-13 03:56:29",11.185,3,buaazwb
1394,15952814,Tang,"2026-05-31 15:59:30",11.187,8,hirotetsu
1395,15889805,"Wenxi Huang","2026-05-08 01:59:05",11.231,1,wenxihuang1
1396,15876607,"Roshan Rateria","2026-05-15 03:45:05",11.246,15,roshanrateria
1397,15922882,hommamunehisa,"2026-06-08 06:51:33",11.256,5,hommamunehisa
1398,15863902,tennogh,"2026-05-15 16:19:47",11.267,15,tennogh
1399,15881908,邓567,"2026-06-02 13:06:26",11.270,17,deng567
1400,15881252,Never$,"2026-06-07 16:19:28",11.277,3,matrixneo
1401,16114579,"Amos Luna","2026-06-06 21:21:39",11.282,3,amsluna
1402,15937321,shouun,"2026-06-07 12:39:08",11.299,18,shouun
1403,15951167,@luke,"2026-06-07 17:17:43",11.303,5,loukaspritsas
1404,15947404,RoTSL,"2026-05-29 20:11:29",11.309,25,rbrtsl
1405,15867988,"Vikramchandra Alladi","2026-05-09 08:24:38",11.352,11,vikramchandraalladi
1406,15942073,"Rafael Cunha","2026-06-04 12:09:17",11.362,2,rnascunha
1407,15920393,"Mario Nicolae","2026-05-12 05:39:18",11.363,3,marionicolae
1408,16170316,HongweiLuan,"2026-06-04 18:55:31",11.381,4,hongweiluan
1409,15919138,cage,"2026-05-11 22:26:36",11.411,4,omerkaangrbz
1410,15890053,noahrolandd,"2026-05-09 19:46:36",11.422,8,noahrolandd
1411,15872385,"Ismael Rodriguez","2026-06-02 15:54:36",11.429,35,ismaelrodriguez49
1412,16052079,Aristeides,"2026-06-02 11:10:19",11.465,30,wolframbopp
1413,16161754,Promissa,"2026-06-07 01:59:03",11.475,5,promissa
1414,15975111,Vcp1919,"2026-05-25 03:31:27",11.504,15,vcp1919
1415,16096420,"Krishna Kanth Kodanganti","2026-06-06 02:29:23",11.516,8,krishnakanth4228
1416,16241650,Koba,"2026-06-07 15:33:43",11.518,5,zone0906
1417,16001009,"Khalid Mustafin","2026-05-18 22:01:37",11.525,5,welddon
1418,16203944,"Kaloyan Stoyanov","2026-06-03 17:42:12",11.544,1,kaloyanstoyanov
1419,15911774,Álvaro,"2026-06-06 19:22:55",11.552,2,alvaroborras
1420,15882071,K2_codes,"2026-06-03 13:45:05",11.560,8,k2codes
1421,15880376,"Anim Samuel K.","2026-05-13 12:37:31",11.564,6,animsamuelk
1422,15869133,Yuki_ARL,"2026-06-04 12:29:18",11.581,10,yukiarl
1423,15992560,GNR_network,"2026-05-17 15:11:40",11.584,1,gnrnetwork
1424,15872928,"Abdelhafid Ammari","2026-05-24 08:22:27",11.592,27,abammari
1425,15883261,"Abinesh S","2026-05-12 18:17:21",11.595,4,abineshsdataa
1426,15926175,nanoxas,"2026-05-23 13:04:29",11.595,9,nanoxas0
1427,15867206,"Andi Hisyam","2026-05-09 02:49:06",11.622,10,"andihisyam,ratihambarask"
1428,16068463,Quixotik,"2026-05-28 13:33:16",11.644,12,xiaokangqin
1429,15875022,"LEE ZHI XIONG","2026-06-01 06:04:05",11.651,6,leezhixiong
1430,16097811,"MMM Abbie","2026-06-06 11:30:24",11.655,34,kchuang
1431,15872423,"Bereketab Bantewesn","2026-05-26 15:44:49",11.668,8,bereketabbantewesn
1432,16043592,"michael kruse","2026-05-30 18:09:27",11.704,4,kruser85
1433,15904313,"Shuheng(Andy) Cao","2026-05-10 05:21:33",11.731,10,shuhengcao
1434,15895738,"Swayam Singh","2026-05-31 13:52:30",11.733,3,swayamsingh48
1435,15901069,"Deeptanush Kapaka","2026-05-10 21:26:24",11.737,9,deeptanushk
1436,15902004,"Erhan Eker","2026-05-13 06:17:49",11.740,11,erhaneker
1437,16086246,"Maxence Gérard","2026-06-05 10:03:23",11.746,9,mgerard
1438,16073951,"Felipe Matus","2026-06-01 15:44:24",11.750,3,felipematus
1439,15869886,"Hitarth Pandey","2026-05-17 04:01:37",11.752,21,hitarthpandey
1440,15864404,Orion,"2026-05-19 12:57:47",11.756,8,fastthanh78
1441,15872983,"Niaz Mahmud","2026-05-27 11:40:02",11.762,22,niazmahmud0201
1442,15863928,Natsume,"2026-06-07 02:58:58",11.775,12,"minatoyukinaxlisa,qaq7864"
1443,15888113,kdrozdov,"2026-05-14 22:09:59",11.781,7,kdrozdov
1444,16250938,Jokrasa,"2026-06-08 05:05:38",11.799,2,jonaskreutz
1445,16227256,m_7ammed_surgical,"2026-06-07 15:26:35",11.853,5,m7ammedsurgical
1446,15872854,techjays,"2026-05-08 11:19:22",11.888,10,saravanarajanb
1447,15873248,"Chekhlov Dmitrii (126387)","2026-05-07 16:33:51",11.890,1,zoli800
1448,15875101,TERMINUS,"2026-06-03 21:00:25",11.898,9,gdreallygoodman
1449,15873593,"Tys TANA","2026-06-08 01:11:51",11.900,6,tystana
1450,15864027,"Think different","2026-05-08 00:32:16",11.917,8,tianlemei
1451,15871653,"rukon uddin","2026-05-07 17:24:54",11.918,5,rukonuddin
1452,16217732,"Thang Nguyen","2026-06-05 11:45:58",11.925,3,thangylvp
1453,16037764,ponpon_ponponzu,"2026-06-02 14:51:50",11.948,8,yuyuponponzu
1454,15868722,"Hà Nguyễn Xuân","2026-05-10 06:18:21",11.978,14,hnguynxun
1455,15870864,HarishNatrajan,"2026-05-12 07:00:12",11.984,13,harishnatrajan
1456,15888522,"Aleks Aleksander","2026-06-07 16:34:36",11.985,97,aleksaleksander
1457,15870285,SANAULLAH,"2026-05-19 17:47:39",11.993,4,sanaullah03041417973
1458,15888931,apat1n,"2026-05-30 18:13:16",12.019,15,grennwolf
1459,15876590,doublek,"2026-05-08 03:29:25",12.032,9,doublek
1460,15916731,"Patryk Wolny","2026-05-12 11:08:55",12.057,13,patrykwolny
1461,15868028,motono0223,"2026-06-07 08:03:25",12.061,4,motono0223
1462,16046530,slolab,"2026-06-07 05:46:47",12.078,14,"fffxide,rabaa28,shogen8192,tjrabo,yokota555"
1463,16211097,"hardik rathod","2026-06-08 04:36:33",12.100,7,hardikrathod001
1464,16040653,"Shangshang Zhang","2026-06-07 05:26:52",12.129,10,msvzss
1465,16097193,"Faze Clan","2026-06-07 19:01:35",12.132,11,bingzhenghan
1466,16152946,今井伊織,"2026-06-06 02:15:05",12.133,3,tito38121492
1467,15866494,"Noorudheen km","2026-05-08 21:30:09",12.133,5,noorudheenkm
1468,15880342,SkySell,"2026-05-07 05:52:30",12.170,3,shin1shiba
1469,16211104,"Daniil Gonchar","2026-06-07 04:58:57",12.177,11,daniilgonchar
1470,15887617,"Mahmoud Abdelsalam","2026-05-15 18:19:43",12.181,12,mahmoudsw
1471,15869350,MilanJoshi,"2026-05-08 05:30:38",12.208,8,mlnjsh
1472,15883191,soul,"2026-05-07 07:10:42",12.208,1,soul80
1473,15928847,GoCode,"2026-05-27 17:08:02",12.209,29,"aquariusrt,carlosgomez24,mauriciooffermann"
1474,16152064,satoharu,"2026-06-06 00:24:29",12.211,12,harukisato
1475,16083964,MSG_Encrypted,"2026-06-07 20:09:54",12.213,27,msghais
1476,16214604,Liran,"2026-06-04 15:42:01",12.227,2,benzionl1
1477,15884358,kokinnwakashuu,"2026-05-14 10:12:19",12.233,10,kokinnwakashuu
1478,15871633,"Hassan Mahmoud","2026-05-09 12:51:53",12.238,15,hassanmahmoud94
1479,15866645,"Mixture of Experts","2026-05-07 18:48:39",12.252,1,"aldabergenovv1,armanzhalgasbayev,diaskuatbekov"
1480,15927365,UGK,"2026-06-07 00:38:59",12.263,11,meguru07
1481,15867190,"Pavel S.","2026-05-09 03:58:47",12.269,13,pas273
1482,15946790,"Ulrich G.","2026-06-06 21:13:32",12.276,9,ulrich07
1483,15893615,wawawawawawawawawa1,"2026-05-13 10:03:08",12.277,13,wawawawawawawawawa1
1484,15913016,HaithamBatneej,"2026-05-17 06:06:00",12.291,12,hbatneej
1485,16141519,SaltyPiggy,"2026-06-04 09:00:22",12.292,1,superstarzlw
1486,16253421,Willy,"2026-06-07 17:49:28",12.295,7,willybruhn
1487,16076535,"Jeffrey Roth","2026-05-28 17:25:42",12.315,7,jeffreyroth
1488,15989529,"Ifon Zhao","2026-05-29 15:27:28",12.315,2,ifonzhao
1489,16134118,"jingliang Z","2026-06-01 16:15:57",12.331,3,jingliangz
1490,16131270,xiaoh1024,"2026-06-01 15:54:24",12.355,9,xiaoh1024
1491,15922981,"Thomas Cook","2026-05-29 01:28:15",12.374,7,curiouskoala
1492,15864702,pk,"2026-05-27 10:02:46",12.378,11,parijit
1493,16251513,"Charlie Craine","2026-06-06 17:28:24",12.387,3,crained
1494,15866851,"Juan Pablo Sampayo","2026-05-08 14:48:20",12.392,11,juanpablosampayo
1495,15913170,"Gal Weitz","2026-05-10 18:12:19",12.409,2,galweitz17
1496,15928059,Reina,"2026-06-06 00:46:36",12.410,34,reina20xx
1497,16034488,"Adel Nurutdinov","2026-06-07 16:33:11",12.423,3,adelnurutdinov
1498,16117378,isuishi620,"2026-06-08 05:17:23",12.426,6,isuishi620
1499,15888202,"k240527 Muhammad Furqan Sheikh","2026-05-31 14:09:45",12.428,38,k240527
1500,15871596,"Ankan Kar","2026-05-07 14:51:00",12.437,4,zargon
1501,15867619,IesBrazil,"2026-05-27 18:29:45",12.444,1,"allansoaresramalho,aradimo2,isabellenascimento13,rodrigoeiras"
1502,15895597,democatXamer,"2026-05-19 04:04:37",12.444,10,w1326627677
1503,15898746,masahiro,"2026-05-09 11:20:08",12.446,1,masakane
1504,15909181,"Evgeniya Dmitrieva","2026-05-10 20:54:37",12.447,2,evgeniyadm
1505,15916031,Bouyan,"2026-05-11 05:08:29",12.447,1,inouebouya
1506,15868340,Samsay24,"2026-05-07 20:45:42",12.448,2,samsay23
1507,15864825,"AKSHIT Agarwal","2026-05-09 13:15:59",12.448,3,akshitagarwal01
1508,16016723,"Shubham Raikwar","2026-05-29 06:35:59",12.450,2,shubhamraikwar142
1509,15867395,"Udit Jain","2026-05-08 05:11:48",12.451,16,uditjain13
1510,15888956,"X Hilbe","2026-05-11 07:11:34",12.461,6,xhilbe
1511,16254553,akahane,"2026-06-07 13:02:20",12.462,5,shuheiakahane
1512,15875308,"Preston McCauley","2026-05-13 14:21:05",12.475,12,prestonmccauley
1513,15878022,dividedbyZero,"2026-05-14 03:33:53",12.475,14,fcastanedo
1514,15889162,"Arnav Salkade","2026-06-01 17:12:21",12.499,22,arnavsalkade
1515,15867355,HarshitKulkarni07,"2026-05-09 10:40:21",12.540,5,harshitkulkarni07
1516,16152000,Timur,"2026-06-02 07:56:25",12.563,4,timkvarts
1517,15867432,"Uesugi Erii","2026-05-25 20:16:56",12.585,13,uesugierii
1518,15919896,Xudream,"2026-06-08 05:01:16",12.590,21,xudream
1519,15869832,"Savan Javia","2026-05-08 02:20:57",12.594,2,savanjaviya
1520,15890939,"Paul Orazulike","2026-05-09 09:14:41",12.595,2,paulorazulike
1521,15868047,"Prakash Meher","2026-05-07 04:25:09",12.597,7,prakashmeher
1522,15867590,"Peter Orazulike","2026-06-02 19:11:03",12.604,18,peterorazulike
1523,15867013,"Ridha mostefa","2026-06-07 18:22:54",12.611,74,ridhamostefa
1524,16053463,"Kaggle CompsBench Bot","2026-05-28 03:26:58",12.616,3,kagglecompsbenchbot
1525,15868534,momo,"2026-05-09 03:04:12",12.630,2,fyenneyenn
1526,15907877,"Dashi Tsybikzhapov","2026-05-18 03:56:37",12.638,2,dashitsybikzhapov
1527,15882806,"Shokh Abdurakhmanov","2026-05-07 07:12:22",12.639,1,shokh0
1528,15877250,Lonnie,"2026-05-07 19:36:46",12.645,1,lonnieqin
1529,15877766,Kango,"2026-05-06 17:29:52",12.655,1,datingwang
1530,15872455,"chen Jack12","2026-05-07 08:47:53",12.661,5,chenjack12
1531,15866413,"walusimbi Isiah","2026-06-07 04:39:07",12.676,57,walusimbiisiah
1532,15873039,c_fxy,"2026-05-06 15:12:56",12.678,3,cfxyai
1533,15870504,"Wafaa Ashraf","2026-05-10 07:20:25",12.688,16,w2kaggle
1534,16162146,Gurto,"2026-06-08 04:51:03",12.690,4,garettomholt
1535,15944888,"Kursat K","2026-05-16 11:53:10",12.692,1,minercoder
1536,16135967,"Alan Scott Encinas","2026-06-07 17:31:47",12.701,9,encinas88
1537,15865987,"Ivan Sabev","2026-05-12 23:32:14",12.731,8,ivansabev
1538,16058971,"Sohangkumar Patel","2026-05-27 07:20:19",12.734,4,samsamurai
1539,15900306,"Ross Thomson","2026-05-09 19:22:17",12.754,2,rossthomson
1540,15878805,ari2612sarkar,"2026-05-12 21:44:41",12.758,5,ari2612sarkar
1541,16044457,"Evan zhu","2026-06-07 01:41:21",12.759,21,zhuyifanss
1542,15866172,Fran2026,"2026-05-09 10:48:20",12.763,19,fran2026
1543,16038222,"Antonio Lopez","2026-05-27 14:06:15",12.764,8,antoniolopez
1544,15865574,Damo,"2026-05-06 11:46:04",12.770,1,guanjingwang
1545,15882607,"cao jia hao10554","2026-05-07 06:38:52",12.787,1,caojiahao10554
1546,16085456,Sandy,"2026-06-02 09:17:56",12.790,6,sandeepmnair
1547,15889235,"Alex Li","2026-05-14 15:06:32",12.794,1,alexli1998
1548,16058032,"Bedilbek Khamidov","2026-05-23 19:00:45",12.800,1,bedilbek
1549,16055317,passion,"2026-05-25 13:06:31",12.801,4,lanmaogen
1550,16036875,"Harsh Jain","2026-06-02 13:47:15",12.803,11,harshjain123
1551,15880508,"Mehedi Meraj","2026-05-07 05:59:13",12.807,2,mehedimeraj
1552,16098245,gxxxx_20,"2026-06-08 06:42:45",12.812,3,gxxxx20
1553,15888017,"Leszek Góra","2026-05-10 19:17:52",12.825,4,leonixis
1554,15871054,Keisuke_kaggle,"2026-06-08 06:23:48",12.836,15,keisukekaggle
1555,15873045,"RENE R GOMEZ","2026-06-08 00:07:51",12.851,3,renergomez
1556,15869061,"Rofif Nabil Mudhofar","2026-05-13 02:10:04",12.863,22,rofifnabilmudhofar
1557,16016054,"kimuli done","2026-05-28 19:54:58",12.872,25,kimulidone
1558,15875198,Shin7jp,"2026-05-06 13:19:43",12.873,1,shin7jp
1559,16035498,"Abdullah Fasih","2026-05-27 19:40:48",12.888,13,abdullahfasih
1560,16012167,kishoreirene,"2026-06-07 12:13:08",12.891,4,kishoreirene
1561,15876189,"Anton Kostin","2026-06-03 07:27:16",12.918,29,visualcomments
1562,16114343,"Usaev Galim05","2026-06-02 02:03:27",12.932,5,usaevgalim05
1563,15881131,uRay,"2026-05-11 23:49:56",12.939,2,tn404nt
1564,16104920,hsiaosuan,"2026-05-30 15:08:45",12.948,1,hsiaosuan
1565,15868846,sghwr,"2026-05-13 11:51:51",12.950,6,songhow
1566,16130851,"Bowen Lu306","2026-06-02 07:18:29",12.951,6,bowenlu306
1567,15865664,"Sébastien henry","2026-05-16 12:28:15",12.952,15,sebmontreal
1568,15898155,aurora142003,"2026-05-20 12:16:52",12.954,15,aurora142003
1569,16098928,"VIJAYAKANTH M 23ALR121","2026-06-08 07:01:06",12.959,20,vijayakanthm23alr121
1570,15993867,Visa,"2026-05-18 07:00:11",12.964,10,philipman
1571,16259179,花朝,"2026-06-08 05:27:26",12.981,2,xhxyyds
1572,15864595,"Biruk Desta","2026-05-06 18:49:53",12.981,4,bd0855
1573,16131314,"He Yufeng","2026-05-31 10:39:04",12.993,1,heyufeng2003
1574,15868561,"yash bhaskar","2026-05-06 19:12:01",12.998,2,yash9439
1575,15870725,"Santosh Pol","2026-05-06 15:48:40",12.999,2,santoshpolmtech2025
1576,15873644,Jirka,"2026-05-14 07:50:24",13.002,6,jirkaborovec
1577,15867354,"LEVAN KANKADZE","2026-06-07 21:40:36",13.007,1,synchrocyclotron
1578,15870627,spekinos,"2026-05-06 07:57:44",13.017,2,spekinos
1579,15882137,Moonlight,"2026-05-17 04:16:32",13.023,14,rajesh1joc
1580,15866961,"Jaime Souza","2026-05-08 00:10:35",13.024,11,jaimenms
1581,16254050,"Georgy Mamarin","2026-06-08 04:27:44",13.036,1,georgymamarin
1582,15876500,YAZIDALOUI,"2026-06-02 12:54:10",13.064,45,yazidaloui
1583,15870953,NatSwamin,"2026-05-14 13:53:49",13.068,3,natswamin
1584,16043712,"NGUYỄN QUANG NGHĨA","2026-05-22 16:58:48",13.076,4,nghianq1610
1585,16132854,"KENTA OGAWA","2026-06-07 09:52:36",13.081,6,kentaogawa
1586,15872095,"Bright O.H.","2026-05-06 08:08:22",13.088,2,brightoh
1587,15872974,"Alexey Filimonov","2026-05-06 10:08:44",13.088,1,alexeyfil
1588,15867576,ROGERRRRRRRR,"2026-05-07 09:19:09",13.089,8,vishwasmishra1234
1589,15864980,Carloscp,"2026-05-06 13:50:09",13.089,4,carloscalvinp
1590,15930498,"Jaksen Charles","2026-05-12 01:34:57",13.089,10,jaksencharles
1591,15867203,TC,"2026-05-30 04:00:26",13.090,10,tcaines
1592,15879432,"Ehsan Gharib","2026-06-08 00:52:41",13.090,94,ehsangharib
1593,15952577,ThunderstormXX,"2026-05-14 01:28:58",13.093,5,thunderstormxx
1594,15926501,jrubiosainz,"2026-06-06 18:30:07",13.098,44,jessrubiosainz
1595,15893013,"Nihal Vellaramkallingal Sulaiman","2026-06-01 03:53:39",13.136,21,vsnihal
1596,16084827,youkinasa,"2026-05-29 02:56:17",13.145,6,youkinasa
1597,15925822,"Pramit Dutta","2026-05-16 07:08:05",13.150,2,pramitdutta01
1598,15906496,"Dr R Kotteeswaran","2026-05-16 16:04:05",13.152,7,drrkotteeswaran
1599,15869572,"Sheb Michel","2026-06-04 13:31:45",13.157,12,michelnzikou
1600,15872920,"da da","2026-05-06 08:48:22",13.198,1,notadamasher
1601,16132822,dlubom,"2026-06-02 13:54:27",13.199,3,dlubom
1602,15939443,"Scott Weeden","2026-06-05 21:44:35",13.204,10,scottweeden
1603,15865255,"Rishabh sharma","2026-06-08 05:30:50",13.234,43,rishabhsharma78
1604,15869435,"Adnan Momin","2026-05-17 09:35:56",13.234,18,mdadnanomin
1605,15886780,"Kuoyen Lo","2026-05-07 17:38:04",13.235,5,kuoyenlo
1606,15865975,"Giacomo Veneri","2026-05-09 08:14:25",13.236,7,giacomoveneri1
1607,15873462,usk,"2026-05-08 03:02:45",13.241,11,yusukeoi
1608,16092651,"Debangan Mandal","2026-05-29 12:38:36",13.241,3,debanganmandal
1609,16043241,"Ryan Clarke","2026-05-27 21:10:36",13.243,6,bonesclarke26
1610,15914806,"Hady Elmahy","2026-05-10 16:59:11",13.244,5,hadyelmahy
1611,15877066,"Jeet Govind","2026-06-02 18:28:02",13.246,9,jeetgovind
1612,16018021,PapaChetty,"2026-05-28 13:09:54",13.261,9,papachetty
1613,15868838,"Ragunath Ravi","2026-06-05 13:26:13",13.265,7,ragunathravi
1614,16084196,"Liam O’Brien","2026-06-05 22:37:37",13.267,14,liamob96
1615,16088154,"Camilo Castillo","2026-05-29 14:19:36",13.289,15,camilocastillo123
1616,16223875,smalltrain,"2026-06-06 10:28:26",13.311,4,smalltrain
1617,15999993,"Daniel Wu","2026-06-01 12:46:24",13.318,2,danielwuu
1618,16087158,bigdataryan22389,"2026-05-29 16:31:25",13.320,9,bigdataryan22389
1619,16234120,"TAKASHI AZUMA","2026-06-08 05:25:06",13.339,5,takashiazuma
1620,16074538,"Ngwe Yee Pearl Ou","2026-05-26 05:19:43",13.380,5,clarynypo
1621,15895017,小赛尔,"2026-05-26 10:11:45",13.387,1,shadowbrightness
1622,15912619,"Tushr Bhardwaj","2026-05-11 20:37:49",13.391,4,gaming7
1623,15896476,m_furu,"2026-06-06 13:00:23",13.394,1,miyafuru
1624,15876812,Ko,"2026-06-05 06:51:29",13.398,34,komurase
1625,16135579,Zvshs20239,"2026-05-31 17:38:42",13.420,2,zvshs20239
1626,16045340,Ruid3768,"2026-05-30 14:10:56",13.423,3,ruid3768
1627,16061354,與座啓仁,"2026-06-07 06:46:20",13.432,18,takatoto
1628,15870353,Lz7_129,"2026-06-05 12:26:32",13.441,5,lz7129
1629,15866297,Craigmx16,"2026-05-07 05:56:54",13.450,11,craigcurtis16
1630,16016666,"Islam AlaaEddin","2026-06-02 10:52:49",13.450,13,islamalaaeddin
1631,16036398,Nozprod,"2026-06-05 14:41:56",13.452,7,nozprod
1632,16059645,"Junhang Yu","2026-06-08 01:18:52",13.461,25,junhangyu
1633,16076661,MarcinStaśko,"2026-06-06 11:47:57",13.471,21,marcinstasko
1634,15877570,Kemzilla,"2026-05-18 17:12:40",13.481,22,"kemtarokem,popblepoopball"
1635,16093974,Minerjirou,"2026-05-29 23:24:31",13.482,7,minerjirou
1636,15868493,"Manish Swami","2026-05-08 13:02:55",13.483,2,manish756
1637,16012708,Zhouguanghao,"2026-05-20 17:10:31",13.487,7,zhouguanghao
1638,16042712,moritake04,"2026-05-26 13:37:56",13.487,2,moritake04
1639,16042837,kosei1701,"2026-06-05 09:52:26",13.489,53,kosei1701
1640,15988626,"Ricardo Serrano","2026-06-03 16:21:51",13.492,11,ricardoserranofdz
1641,15977065,"Mahou Lettuce","2026-05-24 05:29:28",13.502,7,frogcannotdie
1642,16073983,"Artem Zysko","2026-06-04 10:50:59",13.507,5,artemzysko
1643,16057039,"Sai Zaw Oo","2026-05-24 09:25:30",13.507,4,saizawoo
1644,15907071,"Pranav Napolean","2026-05-10 19:10:00",13.515,1,pranavnapolean
1645,15897098,"Dominik Csatári","2026-05-11 14:19:56",13.532,5,dominikcsatri
1646,15883816,"Anh Tuan Ha","2026-05-10 05:38:17",13.536,3,schw1eg0
1647,15903131,"blatant warrior","2026-05-10 12:26:21",13.541,10,blatantwarrior
1648,15946063,"God of visual","2026-05-15 12:29:46",13.544,6,"fuchenlangc,mingshengkun,unbengabl3"
1649,15865544,"Emanuel Lázaro","2026-05-31 11:24:26",13.546,3,emanuellcs
1650,15906647,otatatata,"2026-05-10 02:07:34",13.548,4,otatatata
1651,15881763,Lee3000,"2026-05-13 02:25:57",13.549,4,lee3000
1652,15881119,gezi,"2026-06-01 00:40:19",13.555,18,goldenlock
1653,15978314,LimYeongsu,"2026-05-17 07:00:05",13.556,5,limyeongsu
1654,15912969,"Astitwa Agarwal","2026-05-10 05:44:00",13.565,6,astitwaagarwal
1655,16261064,Sutee,"2026-06-08 03:23:17",13.574,1,lszlst
1656,16117445,heyheyhey,"2026-06-02 14:34:36",13.577,17,mkp312
1657,16053606,"Brian Gasper","2026-05-29 05:32:26",13.579,23,bryangasper
1658,15867813,"preetham krishna","2026-06-08 05:16:38",13.584,10,preetham1239
1659,15864056,"Manav Modi","2026-05-08 21:26:26",13.593,9,manavmodi4
1660,15978921,AJones7_13,"2026-05-19 02:26:53",13.602,7,ajones713
1661,15869936,"zongze Yan","2026-06-07 04:12:11",13.604,21,aaayan
1662,16084043,Huobjj,"2026-05-27 03:20:04",13.615,10,huobjj
1663,15895308,"Christian Rellama","2026-05-16 02:31:39",13.619,17,chrisrellama
1664,15872013,"Yash Rathod","2026-05-20 18:47:29",13.626,8,yash02102
1665,16020119,"BambooCopter Analytics","2026-05-26 02:50:20",13.627,5,"paradox23,ronglinlu"
1666,15875882,"Ramkrishna Mangukiya","2026-05-28 11:39:24",13.634,48,"chaklasiyashrey,ramkrishnamangukiya"
1667,15873689,CertifiedSurvey,"2026-05-08 12:14:58",13.637,6,certifiedsurvey
1668,15867900,yjan,"2026-05-06 13:53:42",13.644,4,ynmrjava
1669,15873397,"Radosław Czajkowski","2026-05-11 15:24:16",13.646,10,radoslaw
1670,15869599,"Kashyapsinh gohil","2026-05-06 13:14:07",13.666,3,kashyapsinhgohil
1671,15927994,"Michał Dziwisz","2026-05-19 14:10:20",13.685,13,michadziwisz
1672,16114711,"Zitong Xi","2026-05-31 04:27:22",13.717,1,"apriljcc,oliverkang,xixueba"
1673,15898020,PatrickAIForFun,"2026-06-06 10:58:59",13.720,13,patrickaiforfun
1674,16107570,k1nsom,"2026-06-05 10:20:18",13.723,18,k1nsom
1675,16137136,Doppio,"2026-06-06 01:40:08",13.726,2,alexandrefacione
1676,15863724,"Raunak Kesharwani","2026-06-04 13:24:12",13.727,2,raunakkesharwani
1677,15973765,"Parthiban Elavarasan","2026-05-16 08:56:41",13.738,2,parthibanelavarasan
1678,16015218,ThierryS,"2026-05-20 17:56:04",13.743,1,thierrys
1679,15993287,kyapi_0123,"2026-05-17 11:18:56",13.748,3,kyapi0123
1680,15882166,"Kuang Zhengyi","2026-06-03 09:48:59",13.750,13,kuangzhengyi
1681,16236341,ComputerGuyTed,"2026-06-07 05:08:17",13.751,9,computerguyted
1682,16208630,BurdBurdMan,"2026-06-05 05:44:48",13.752,2,burdburdman
1683,15877539,"Adwait Tagalpallewar","2026-05-13 11:32:50",13.757,3,adwaittagalpallewar
1684,16043875,Raijin,"2026-05-29 06:15:19",13.761,13,vencerlanz09
1685,16087497,"Akarsh kumar shukla","2026-06-01 05:02:15",13.768,2,akarshkumarshukla
1686,16093923,"AI Coach","2026-05-29 06:53:55",13.769,3,lakmalrupasinghe
1687,15870177,Maxim,"2026-05-08 15:18:54",13.771,5,ektarr
1688,15944093,"Qiange Chen","2026-05-25 06:43:33",13.779,13,qiangechen
1689,16133909,"Jacek Poplawski","2026-06-07 08:28:49",13.780,10,jacekpoplawski
1690,15863837,"Andreas Bisiadis","2026-05-06 20:31:46",13.781,6,andreasbis
1691,15864679,"Diego Silva França","2026-05-14 16:02:04",13.789,3,diegosilvadefrana
1692,16048651,"Sabreen Elkamash","2026-06-05 08:46:52",13.806,23,sabreenelkamash
1693,15876567,"Yanis Belami","2026-06-06 09:30:35",13.817,6,yanisbelami
1694,15979469,"SK Arin","2026-05-15 13:01:59",13.829,1,skarin
1695,15868347,"Youssef Yacoup","2026-05-20 02:00:41",13.842,2,youssefyacoup
1696,16109205,"Ilia Sapan","2026-06-03 17:32:49",13.866,2,iliasapan
1697,16029794,RoyceLee,"2026-05-24 08:16:15",13.874,15,royceleetech
1698,15949277,Fusahiko@555,"2026-06-05 23:31:29",13.875,27,fusahuko555fusahiko
1699,16080668,"Gurkan Ozkan","2026-05-26 14:31:32",13.879,5,klager
1700,15871623,"Kabir Nahata","2026-05-07 10:07:03",13.882,2,kabirnahata
1701,15867880,pantrucas,"2026-05-30 13:20:23",13.885,41,pantrucas
1702,16041428,CyanAILabs,"2026-05-31 08:03:05",13.891,1,"satwato,shivam744"
1703,15989399,Mulaydm10,"2026-05-16 01:20:01",13.892,1,mulaydm10
1704,15869713,ZULFAARSYANDHI,"2026-05-06 09:10:05",13.893,5,zulfaarsyandhi
1705,15880660,Subhashb_21022,"2026-05-16 06:49:51",13.894,2,subhashb21022
1706,15865299,"Yousef Turk","2026-05-06 17:04:32",13.894,6,yousefturk
1707,15881367,"ADITYA RAVI","2026-05-18 07:29:28",13.900,10,adityaravi2
1708,16119335,"Luon may Man","2026-05-31 06:33:05",13.905,7,luonmayman
1709,16004653,"Abhijeet Detha","2026-05-17 18:21:23",13.909,2,abhijeetdetha
1710,15877046,"Mansour A. S. Ataa","2026-06-02 01:22:52",13.911,16,profmansoor
1711,16257054,Ricky,"2026-06-08 01:32:00",13.917,6,rickyds97
1712,15911608,"Senih Bayankulu","2026-05-10 11:12:43",13.918,5,senihbayankulu
1713,16049854,"Vladimir Terlovoy","2026-05-28 17:55:57",13.924,2,terlovoy
1714,16117392,Yaohui,"2026-06-06 02:40:33",13.942,14,yaohui85
1715,16029669,"KangSeok Lee","2026-06-08 02:36:25",13.962,8,"iiooli,kangseoklee1"
1716,15899074,bighead514188,"2026-06-07 09:32:08",13.967,5,bighead514188
1717,16076200,"Mateus Kiper","2026-05-28 14:48:39",13.969,2,mateuskiper
1718,16005611,"ISHU AGRAWAL12","2026-05-20 10:58:44",13.980,12,ishuagrawal12
1719,15879745,k',"2026-05-20 02:23:18",13.991,7,udadev
1720,15867450,"Birtley Doru (DB)","2026-05-23 16:38:58",14.006,11,hastws
1721,15865292,jeanhenockviayinon,"2026-05-16 13:37:35",14.009,29,carion
1722,16082214,adengappa11peru,"2026-06-03 11:57:51",14.010,13,adengappa11peru
1723,16005375,mthameem,"2026-05-27 13:29:07",14.011,3,mthameem
1724,16047122,"Patrick M.","2026-05-24 13:51:03",14.014,7,pigenesis75
1725,16131692,"Kuvam Pahuja","2026-05-31 15:04:44",14.024,5,kuvampahuja
1726,15950728,Glitch,"2026-06-08 05:04:22",14.025,42,"beegee11,saumy25,singhharkirat47,tanuj1850,tejassinghkhurana"
1727,16031644,Broccauli,"2026-05-23 19:29:06",14.038,4,broccauli
1728,15889529,"Danushkumar Venkadesh","2026-05-11 05:05:12",14.049,14,danushkumarv
1729,16051986,"Samantha Lin","2026-06-07 00:19:54",14.071,4,samlinlin
1730,15870863,laibanasirdev,"2026-05-11 04:37:53",14.074,4,laibanasirdev
1731,15910961,"Priyanka Bhowmick","2026-05-21 09:56:18",14.075,15,priyankabhowmick
1732,15915209,"Dang John","2026-05-16 21:12:41",14.078,7,dangjohn
1733,15913288,"Matteo Niccoli","2026-06-01 00:36:32",14.081,8,mycarta
1734,16166804,"Kangqiao LIU","2026-06-05 01:31:27",14.083,3,kangqiaoliu
1735,15875139,"Jessica Warren","2026-05-07 13:28:04",14.113,5,davieburke
1736,16097818,stardxx,"2026-05-28 07:56:51",14.116,1,stardxx
1737,16146477,aser189,"2026-06-02 09:33:35",14.130,2,aser189
1738,16242362,Kronki,"2026-06-07 14:46:30",14.152,5,kronki
1739,16223138,Camaro,"2026-06-07 13:16:05",14.168,5,bamps53
1740,15868108,"Muhammad Firdaus","2026-05-06 14:11:19",14.168,1,ldausl
1741,15868473,naoya_maro,"2026-05-08 04:30:04",14.171,1,naoyamaro
1742,15949366,darasty,"2026-06-06 14:14:32",14.176,2,darasty
1743,16041852,bigpudding,"2026-05-25 15:28:14",14.192,1,bigpudding
1744,16069048,SDes,"2026-06-08 07:05:26",14.192,14,sndesilva
1745,15914756,"Jianzhou Liu","2026-05-14 04:35:21",14.192,3,jianzhouliu
1746,16108739,Duo,"2026-05-29 10:24:23",14.232,1,sachin0910
1747,15898093,"Taras Semenchenko","2026-05-26 12:46:24",14.234,12,taras456
1748,16037719,Camnuy,"2026-05-21 08:12:55",14.239,2,camnuy
1749,16106182,"Arnav Kewalram","2026-06-08 01:07:54",14.245,33,arnavkewalram
1750,16098868,__ChrisQ__,"2026-06-05 13:11:53",14.249,16,chrisqiu
1751,15866386,s23,"2026-05-22 16:10:39",14.252,17,jonesdl6
1752,15886798,"Andrew See","2026-06-08 03:41:11",14.263,1,andrewfranklinsee
1753,15968308,Starp,"2026-05-15 02:39:36",14.263,6,starprecursor
1754,15867904,"R MAT","2026-05-12 04:14:33",14.266,9,rmat2014
1755,15886222,CodeHacker,"2026-05-23 14:37:38",14.282,3,junhanzangai
1756,15978461,"Alex Tito de Oliveira","2026-05-20 10:12:31",14.290,16,alextitodeoliveira
1757,15908397,Saivardhan98,"2026-05-16 11:05:39",14.300,6,saivardhan98
1758,15910945,"Yaroslav Chelombitko","2026-05-09 14:59:49",14.321,1,yaroslavchelombitko
1759,16108857,ChrisXie,"2026-06-02 10:30:37",14.322,4,chrisstan
1760,15874432,Preaah05,"2026-05-06 15:31:02",14.336,2,preaah05
1761,15881302,hykunnnn,"2026-05-08 18:21:06",14.336,1,hykunnnn
1762,15921197,"Yunus Şahin","2026-05-12 19:38:00",14.336,5,ysahin1
1763,15867266,"Gautam Hazarika","2026-05-14 17:11:16",14.336,1,gautamhz
1764,15969809,TommyPhan4848,"2026-05-16 15:00:19",14.336,1,tommyphan4848
1765,15929121,"Sthuthy Evangeline","2026-05-22 18:44:38",14.336,1,sthuthyevangelinem
1766,16054969,"Hamid Momand","2026-05-25 07:03:34",14.336,5,hamidmomand
1767,16070657,ChrisMoe,"2026-05-25 11:03:41",14.336,2,chrismoe
1768,16069512,石崎健太,"2026-05-25 16:32:16",14.336,1,ishikenta
1769,16073129,YutaroAtarashi,"2026-05-29 14:14:24",14.336,7,yutaroatarashi
1770,16229014,"Dinh Tan Loc","2026-06-04 16:26:16",14.336,1,dinhtanloc
1771,15868004,"To be happy","2026-06-07 03:27:29",14.336,1,yaokaixinya123
1772,15980951,LEEKANG,"2026-05-15 13:37:56",14.342,1,poby7722
1773,16074304,"Hitesh Ramteke","2026-06-04 11:47:07",14.343,3,hiteshramteke
1774,16208504,aiabc100,"2026-06-04 09:01:08",14.354,2,aiabc100
1775,15863831,"egor a","2026-06-02 03:49:54",14.358,6,egoregors
1776,15868263,Quadruped,"2026-06-04 00:20:25",14.367,81,jaclyndeem
1777,16046674,KaitoFukushima,"2026-06-03 04:20:46",14.379,7,kaitofukushima
1778,16001592,"Hiroyasu Okuno","2026-05-23 03:51:02",14.387,2,hiroyasuokuno
1779,16112153,不要玩手机,"2026-06-04 12:18:46",14.413,2,leonstew
1780,15939254,GoodYvesNing,"2026-05-15 14:26:05",14.440,5,goodyvesning
1781,16244380,JaigonRyu,"2026-06-08 02:14:09",14.448,7,jaigonryu
1782,15869616,"Xu Yizhi","2026-05-13 04:46:39",14.471,5,spalxyz13
1783,16013056,MASADDPG,"2026-05-22 09:25:40",14.473,13,masaddpg
1784,16022406,jyama,"2026-06-03 01:49:19",14.474,9,yarukikun
1785,15893300,"Lakhindar Pal","2026-05-08 13:17:39",14.479,2,lakhindarpal
1786,15867966,"Steve NOUATIN","2026-05-31 00:56:00",14.480,5,stevenouatin
1787,15982597,"Rishabh Jain","2026-06-02 05:47:19",14.482,21,rishabh15virgo
1788,15900837,"Shunjun Gu","2026-05-18 11:54:08",14.504,28,shunjungu
1789,15876968,"Brandon Khuu","2026-05-25 00:58:28",14.505,2,brandonkhuu
1790,15892143,"Kristof Anderson","2026-05-09 18:30:13",14.532,6,kristofanderson
1791,16138971,"DongHeon Shin","2026-06-01 07:35:03",14.558,2,dongheonshin
1792,15877847,BPeterman,"2026-06-05 18:20:41",14.568,38,bpeterman
1793,15895809,namanjoshi0313,"2026-05-08 17:49:31",14.569,4,namanjoshi0313
1794,15865069,aloneintokyo,"2026-05-14 10:29:46",14.572,3,aloneintokyo11
1795,16126566,"kurob asgari","2026-06-01 15:31:01",14.583,3,kurobasgari
1796,15874106,aaaaa,"2026-05-10 09:26:06",14.585,3,muroyuu
1797,16115771,kozaczki,"2026-06-03 13:34:44",14.586,9,drlukasz
1798,15865735,"Dr. T.","2026-05-07 00:00:10",14.599,6,jftripp
1799,16245356,"Juan Luis Carrasco Merchán","2026-06-07 11:11:13",14.604,2,jlcarrasco
1800,15930553,"jacob OKOTH O","2026-06-07 11:24:55",14.604,9,jacobokotho
1801,16032775,"Andrea Bonomi","2026-05-26 09:27:46",14.635,17,andreabonomi
1802,15899524,Zi,"2026-05-10 07:20:15",14.638,7,kaigaokaigao
1803,16011857,"Saër Ndao","2026-06-07 07:43:44",14.649,100,sarndao
1804,16061375,"Pratyush Negi","2026-06-06 04:38:13",14.677,2,pratyushh
1805,15995226,"Shlok Kumar","2026-06-06 05:45:39",14.690,5,shlokkumar2303
1806,15864524,"Med Ali Bouchhioua","2026-05-17 23:28:37",14.705,5,medali1992
1807,15866276,"Max Halford","2026-05-10 20:04:56",14.725,7,maxhalford
1808,15961884,SOUMYA,"2026-06-05 07:35:17",14.726,25,"jyotiprakashlenka1,vjasqieash14256"
1809,16248372,hota39,"2026-06-07 02:35:03",14.728,7,hota39
1810,16049385,"saketh baddam","2026-05-25 01:58:32",14.734,2,sakethbaddam
1811,16120581,"Abdo Nasser","2026-06-07 18:27:39",14.749,13,abdonasser
1812,16251054,ershan23,"2026-06-07 13:20:41",14.778,7,ershan23
1813,16246622,河西　正寛,"2026-06-07 10:53:09",14.794,5,masapirika
1814,16059169,PauloDmayra,"2026-06-08 01:11:51",14.814,25,paulodmayra
1815,15875082,"George Onoh","2026-05-06 20:16:43",14.826,2,truekinggeorge
1816,16235695,JYA,"2026-06-07 04:45:38",14.832,10,yaojixing
1817,15888548,"Mohammed Arfath R","2026-05-16 15:34:11",14.838,5,mohammedarfathr
1818,16019389,yunseungmin0531,"2026-05-26 23:40:57",14.848,6,yunseungmin0531
1819,16111088,mec314,"2026-06-07 13:19:00",14.851,1,mec314
1820,15871258,BenAdamCole,"2026-05-10 04:48:45",14.858,3,benadamcole
1821,15865124,"Sunil Gautam","2026-05-30 05:04:44",14.882,8,sunilgautam
1822,15889451,"Jerod Harbor","2026-05-09 18:29:54",14.884,12,jerodharbor
1823,16126594,"H. Ashida","2026-06-04 22:51:28",14.901,6,hiromuashida
1824,15866649,"Lazarus Odeny","2026-05-09 15:06:03",14.909,7,lazarusodeny
1825,16010252,Efnutrrionpy,"2026-05-18 13:52:40",14.915,3,efnutrrionpy
1826,15894796,"Anirudh Dhoot","2026-05-10 00:02:45",14.954,6,anirudhdhoot
1827,16079848,Wqi876,"2026-06-07 06:29:21",14.957,21,wqi876
1828,15988909,SarahShams,"2026-06-03 00:17:43",14.962,13,sarahshams
1829,16232669,LymeRegis,"2026-06-04 20:20:59",14.970,1,lymeregis
1830,15920086,"Vivek Gaur","2026-05-13 14:45:34",14.972,6,vivekgaur9972
1831,15985479,"Savas Papadopoulos","2026-06-03 18:07:30",14.976,12,savasp
1832,16092521,"Mustafa Abdeali","2026-05-29 12:12:13",14.977,1,mustafaabdeali
1833,15863949,none00000,"2026-05-08 10:13:54",14.998,11,none00000
1834,15880820,"Yuta Shimizu","2026-05-11 05:31:33",15.003,5,shimibrian
1835,16012229,"Chanon Tar","2026-05-22 12:47:12",15.006,2,chanonaup
1836,15873976,"Akshay Balaji","2026-05-09 13:49:10",15.008,4,mrakshaybalaji
1837,16229821,"Navjeet Singh","2026-06-07 13:42:30",15.011,6,navjeet1singh
1838,15868224,San1,"2026-05-16 01:44:28",15.016,7,sannakawettimuny
1839,15898999,"Zoubair Kachri","2026-05-12 07:44:48",15.024,12,zoubairkachri
1840,15949089,"peixuan guo","2026-05-14 16:49:11",15.028,3,peixuanguo
1841,15881271,"Mr. Bruce","2026-05-09 04:02:21",15.071,4,muhammaddanyalmalik
1842,16083501,YellwoJune083,"2026-05-27 04:01:43",15.074,10,yellwojune083
1843,16066544,AbbySh12,"2026-05-30 03:06:59",15.079,13,abbysh12
1844,16146847,"Zeynep Başar","2026-06-07 19:07:46",15.082,16,zeynepbaar
1845,16113175,"Błażej Radzik","2026-06-07 15:22:39",15.099,9,baejradzik
1846,16222339,"ren soura","2026-06-05 12:25:38",15.106,2,rensoura
1847,15867118,"Felipe Alencar Lopes","2026-05-30 02:34:23",15.107,31,felipealencar
1848,15866024,noobhound,"2026-05-06 20:41:25",15.110,4,knowledgegrappler
1849,16066713,quantshayan,"2026-05-26 01:52:18",15.130,3,quantshayan
1850,16233384,julymarc,"2026-06-08 07:03:26",15.133,3,julymarc
1851,16107191,"vinay chandwada","2026-05-29 07:36:03",15.145,2,vinaychandwada
1852,15986214,"ِِAmer Ziad","2026-05-22 17:27:40",15.150,15,amer2121
1853,15866632,"Omar Abdelfattah Atef","2026-06-01 23:35:30",15.151,82,omarabdelfattahatef
1854,15874552,"Masaya Kawamata","2026-05-09 02:51:17",15.151,2,masayakawamata
1855,15868200,josuebb,"2026-05-08 17:25:47",15.155,4,josuebb
1856,16038204,zhuyurui,"2026-06-07 15:50:47",15.160,17,zhuyurui
1857,15871478,ToMo,"2026-05-11 11:41:34",15.166,4,tomohiroh
1858,16234670,sanjay,"2026-06-05 15:21:03",15.166,3,sanjaynn
1859,15888149,QATAR26,"2026-05-10 01:25:37",15.171,12,qatar26
1860,15948220,"Baseer Shah","2026-05-29 14:55:13",15.172,8,baseershah
1861,15943666,AIPractix,"2026-05-30 04:03:46",15.197,6,"duyqtrn,hocamtruc,ndkanh,nqkhai1706"
1862,16050279,sam,"2026-05-29 09:25:25",15.209,1,ka1010647987
1863,15888711,耶✌,"2026-06-07 04:22:21",15.231,6,qifeihhh666
1864,15870065,"Ved Kantawala","2026-05-06 08:46:15",15.240,2,ved178
1865,15876933,"Denis Smyslov","2026-05-07 07:38:55",15.244,1,denslov
1866,15879804,"Py Begi","2026-05-13 11:49:42",15.275,20,konodera
1867,16133734,"G. Tarun Reddy","2026-06-04 06:54:28",15.288,1,tarunwiz
1868,16062910,UnRealYoussef,"2026-05-30 15:11:54",15.290,16,youssefsalemishere
1869,15993672,dia,"2026-05-16 11:47:26",15.294,1,adkasd
1870,15887470,assent,"2026-05-10 15:14:47",15.306,10,assent0817
1871,16100380,"Hernán D. Bardi","2026-05-29 19:10:52",15.312,9,hernndbardi
1872,16032650,illusion_233,"2026-06-06 09:48:19",15.326,2,illusion233
1873,16001923,MarWenK,"2026-06-02 11:31:52",15.346,5,marwen027
1874,16099001,"Daniil Volkov","2026-06-03 13:05:48",15.351,2,gammafuncti0n
1875,16146573,"Obonyo Okech","2026-06-04 16:04:12",15.355,18,obonyookech
1876,16089762,"Paul Joseph","2026-06-07 13:00:10",15.363,19,paultechm
1877,15870963,"chiranjib patra","2026-05-09 08:37:57",15.374,2,chiranjibpatra123
1878,16160562,alekh,"2026-06-06 01:02:54",15.385,5,aleksanderhan
1879,15986991,"Alex Lupu","2026-06-08 02:43:16",15.391,44,alexanderlupu
1880,16205099,"Shahzeb Umer","2026-06-05 15:16:25",15.410,6,umershahzeb
1881,15876955,"Wendy Kuffel","2026-05-09 23:54:04",15.425,6,wendykuffel
1882,16050967,"Brian Lynch","2026-05-26 15:04:02",15.431,4,bklynch
1883,15990470,"Gautham Kaarthik","2026-06-05 16:26:36",15.439,17,gauthamkaarthik
1884,16213395,cyk,"2026-06-08 02:02:12",15.446,9,chiaki11
1885,16002070,"Andrews OSEI","2026-05-18 06:59:07",15.447,1,andrews44
1886,15883373,"Rahul singh000","2026-06-05 11:31:45",15.474,39,rahulsingh000
1887,16018305,"Archana Anandakrishnan","2026-05-21 02:16:13",15.484,7,renuk16
1888,16256101,HemanthRaju311,"2026-06-07 10:35:21",15.491,2,hemanthraju311
1889,15943066,Natsu0909,"2026-06-03 04:35:55",15.491,1,natsu0909
1890,15905574,quan,"2026-05-11 10:42:33",15.497,1,vutuelong
1891,15874757,"Elizio Cezarino","2026-05-20 00:13:08",15.506,25,eliziocezarino
1892,15868216,"kitory Yeah やきとり","2026-05-10 08:06:25",15.509,6,kitoryyeah
1893,15928411,"Kevin De Jesuss","2026-06-04 04:21:22",15.520,9,kevindejesuss
1894,15866377,"Dhairyasheel Patil","2026-05-25 00:19:32",15.526,8,dp3979
1895,16053202,"Katelyn Wong","2026-06-04 06:09:27",15.530,10,katelynkwong
1896,15969356,karankk80406,"2026-06-04 19:20:52",15.531,38,karankk80406
1897,15921892,BalconesKeys,"2026-05-23 01:11:03",15.543,5,balconeskeys
1898,16121622,Winners,"2026-06-03 11:44:15",15.551,1,soumyacode8
1899,15900277,"Mathias Spurr","2026-05-16 13:04:41",15.553,10,scitus
1900,16214745,"Shuai Xu","2026-06-07 11:36:46",15.555,13,shuaixu123
1901,16061723,"Kim Hyun Bin","2026-05-25 09:57:36",15.556,5,kimmik123
1902,15868429,"bruno nanwo","2026-05-19 20:13:09",15.572,31,brunonanwo
1903,15970208,kusunoki_hi,"2026-05-18 07:16:28",15.576,4,kusunokihi
1904,15912794,teo,"2026-05-10 15:09:52",15.580,3,teodorflorinbutnaru
1905,15968671,"Mikhail Lebed","2026-05-21 17:12:27",15.588,5,swanml
1906,15869069,"Gururaj Masali","2026-05-14 03:13:14",15.595,15,gururaj10592
1907,15867568,"stathis maurog","2026-05-06 16:49:18",15.596,1,stathismaurog
1908,16236991,"ML Chumps","2026-06-07 15:39:23",15.597,7,lrdcmndrjonsnow
1909,15937977,Pratim,"2026-05-21 18:46:18",15.618,6,pratimukherjee
1910,15977703,"Oscar Mendez11","2026-06-06 21:15:25",15.628,18,oscarmendez11
1911,16190774,"zhan renyi","2026-06-04 10:28:15",15.633,10,zhanrenyi
1912,16099638,"Mees Wierenga","2026-06-01 11:46:11",15.646,3,"meeswierenga,sanderkievits"
1913,16020929,俊宏野方,"2026-05-22 05:36:41",15.654,4,ncookie0123
1914,15876203,"Antony Alosanai Promilton","2026-05-07 08:38:05",15.657,9,geopromilton
1915,15868415,ianwulalala,"2026-05-18 06:27:23",15.665,17,ianwulalala
1916,15869259,"Suman Sahoo","2026-05-31 08:05:37",15.668,6,sumansahoo16
1917,16186763,Peko,"2026-06-08 06:50:47",15.679,2,ryomakamikawa
1918,16083146,cg,"2026-05-29 12:22:54",15.699,14,chaitanyagarg2
1919,16256320,Tyooughtul,"2026-06-08 04:44:24",15.702,4,yooughtul
1920,16056549,Noir,"2026-05-28 06:53:09",15.703,19,nuitnoir
1921,16252265,ariwori,"2026-06-07 02:31:02",15.705,1,ariwori
1922,15917545,"liqin fei 2005","2026-05-11 08:31:10",15.708,1,liqinfei2005
1923,16208300,weiyi,"2026-06-04 03:11:20",15.709,5,txdywy
1924,16162250,"Jacob Stambaugh","2026-06-04 14:14:30",15.712,4,jacobstambaugh
1925,16189700,castlehoo,"2026-06-08 06:12:23",15.719,2,castlehoo
1926,15871059,"Nirmala Janakiraman","2026-05-30 04:56:47",15.726,14,nirmalajanakiraman
1927,16004368,"Georgios Nikolitsis","2026-06-07 15:46:11",15.731,42,gnikolitsis
1928,16254108,sakusaku,"2026-06-08 01:51:33",15.736,3,sega1031
1929,15869404,NikolAiD153,"2026-05-06 03:38:20",15.744,1,nicholas33
1930,15913198,aletheia,"2026-05-09 23:36:54",15.744,1,aletheia
1931,15866564,Bubbles,"2026-05-08 19:33:39",15.744,5,nate1799
1932,16215966,SEMHAQ,"2026-06-04 10:58:36",15.745,5,xsemhaq
1933,15875469,Xiiiiiin,"2026-05-06 13:45:59",15.745,1,xiiiiiin
1934,15879425,"Mayobanex Santana","2026-05-30 21:15:27",15.751,2,mayobanexsantana
1935,16059786,Danish7x7,"2026-06-01 07:19:20",15.757,2,daxis0
1936,15869102,"Shashi Bhushan Ekka","2026-05-29 07:59:45",15.763,11,shashibhushanekka
1937,16068609,FourBytes,"2026-05-25 16:09:02",15.765,2,fourbytes
1938,16230944,EDICTLAB,"2026-06-05 01:47:42",15.772,1,edictlab
1939,16084793,"Purit Chansilpa","2026-05-27 19:52:42",15.773,4,puritchansilpa
1940,15868869,"Jonny Hachi","2026-06-07 12:47:53",15.784,33,doihiro
1941,15866879,POR160893,"2026-06-07 19:52:08",15.798,109,por160893
1942,16019244,"Shiv Akash S M","2026-06-07 06:52:09",15.798,2,shivakashsm
1943,16075729,shivansh,"2026-05-29 12:05:25",15.799,7,skyduh
1944,15867193,Juanky_too,"2026-06-03 23:46:44",15.802,10,juankytoo
1945,16073556,WrR0NmHH67,"2026-05-26 16:37:57",15.808,4,wrr0nmhh67
1946,15975730,"Adolfo Olea","2026-05-16 20:29:34",15.822,4,oleaguta
1947,16244664,"Yazan Kbaili","2026-06-06 11:51:27",15.823,3,yazankbaili
1948,15863680,ducnh279,"2026-06-05 05:25:01",15.831,1,ducnh279
1949,15972063,"Black Panthers","2026-06-08 06:09:14",15.836,42,"harsha1215,tarun71"
1950,16054331,yusuke.hata0801,"2026-05-24 05:28:04",15.838,5,yusukehata0801
1951,15947316,"Daujohn [dsml.kz]","2026-05-28 21:08:59",15.841,3,aithbb
1952,16089795,"Andrew Uhle","2026-05-27 23:35:43",15.853,4,andrewuhle
1953,15924804,Doraemon,"2026-05-28 08:24:55",15.856,19,"decrises,rahulmish"
1954,16098658,nxank4,"2026-06-04 03:02:55",15.858,2,anmatngu
1955,16074709,"Klim Novikov","2026-05-27 07:57:37",15.859,9,klimnovikov
1956,15945361,"Yeshwanth Balaji #2","2026-05-13 08:43:32",15.863,1,yeshwanthbalaji
1957,15871360,"BigDataAnalysis Teamm","2026-05-23 07:54:30",15.871,32,"bugkimjongho,hyunno,jaehyeok328,kimjunheeeee,seungbaekleeee"
1958,15865439,bzg2007,"2026-05-11 08:52:48",15.875,15,bzg2007
1959,16070274,zzzzz,"2026-05-30 09:14:24",15.876,6,huangzchao
1960,16027487,"Antonio Trias","2026-06-04 20:32:23",15.878,4,tronpil
1961,15947299,"Vishwas Kant","2026-05-14 13:13:47",15.882,4,vishwaskant786
1962,15870197,"Prantik Chandra","2026-05-08 10:26:40",15.883,7,prantikchandra
1963,15864123,hondana29,"2026-05-25 15:39:43",15.883,3,tanadaaa
1964,15867932,FAGZ,"2026-05-09 01:27:43",15.883,1,furqanalghifari
1965,15868853,scroogeyan,"2026-05-14 13:44:52",15.883,24,scroogeyan
1966,15898496,"Benzene Pc","2026-05-13 15:56:00",15.883,12,"ahmadabdoumalickdiop,benzenepc"
1967,16033065,"Firman Imam","2026-05-22 10:46:18",15.883,3,piririp
1968,16054111,"Yusuke Takeuchi","2026-05-25 23:26:50",15.883,7,yusuketakeuchi828
1969,16115496,Batmobil,"2026-06-01 02:45:58",15.883,3,batmobil
1970,16201570,"Nikitas Sourdakos","2026-06-07 07:44:03",15.883,2,nsourdakos
1971,15868510,ChocolateSerotonin,"2026-05-06 03:25:45",15.883,4,chocolateserotonin
1972,15871424,"Shiro Kawakita","2026-05-06 06:36:36",15.883,1,nigo1973
1973,15865723,"Stas Chereshkevich","2026-05-06 07:41:07",15.883,1,staschereshkevich
1974,15867257,"Shivnath Tathe","2026-05-06 17:06:05",15.883,3,shivnathtathe
1975,15864872,"Michael Clancy","2026-05-06 18:15:55",15.883,4,michaelclancy112
1976,15880450,Nephorion,"2026-05-07 10:10:25",15.883,5,museofnephorion
1977,15867803,Howard（ホワルド）,"2026-05-07 08:25:41",15.883,5,howarudo
1978,15874091,AkshatNegi121,"2026-05-08 10:54:29",15.883,7,akshatnegi121
1979,15869647,Bhaskar,"2026-05-07 15:44:34",15.883,1,csbenk
1980,15890468,anyasri,"2026-06-06 09:58:49",15.883,19,anyasri
1981,15885349,"Gregory Cornell Johnson Jr","2026-05-20 02:40:05",15.883,62,axiomepmhm
1982,15868622,AthulJenson,"2026-05-09 14:35:39",15.883,1,athuljenson
1983,15897774,"Mike Zeng 2009","2026-05-21 11:47:33",15.883,2,mikezeng2009
1984,15898552,"Chris Usoroh","2026-05-11 06:26:38",15.883,10,christianusoro
1985,15886817,"GAMING ICON 75","2026-05-19 12:18:59",15.883,6,yuvadityabhardwaj
1986,15931551,"Yutao Sunn","2026-05-11 21:03:51",15.883,5,yutaosunn
1987,15927851,"marco bortolotti","2026-05-23 17:54:10",15.883,7,marcobortolotti
1988,15944911,"Vahram Martirosyan","2026-05-15 06:14:30",15.883,5,vahrammartirosyan
1989,15866794,"Kevin Román","2026-05-21 06:20:40",15.883,23,elo2095
1990,15947941,"Sunitha Anjali Bai Nenavath","2026-06-05 13:43:29",15.883,13,sunithaanjali
1991,15999296,"Ryan Tolone","2026-05-17 07:26:19",15.883,2,ryantolone
1992,15999852,meer_neko,"2026-05-17 07:46:11",15.883,1,suricatta
1993,16002598,"Thibaut Forest","2026-05-19 12:11:37",15.883,3,thibautforest
1994,15895369,"Tim Neel","2026-05-18 15:16:47",15.883,1,timneel
1995,15884709,"huc oolz","2026-05-18 16:31:30",15.883,1,hucoolz
1996,15867366,"Yisak Birhanu Bule","2026-05-18 17:07:19",15.883,1,yisberh
1997,16009227,ExMachina,"2026-06-06 07:34:22",15.883,9,robinschmidt
1998,15905664,"Samuel Doyon","2026-05-18 22:32:10",15.883,1,samueldoyon
1999,15975727,Nora,"2026-05-19 21:09:55",15.883,1,a906842455
2000,16028493,JYXXXX,"2026-05-21 07:50:51",15.883,6,jyxxxx
2001,15875958,Prakash,"2026-06-07 15:56:27",15.883,40,mlkash
2002,15886938,"Ogheneruona Egueke","2026-05-27 02:14:46",15.883,15,ogheneruonaegueke
2003,16036805,"Greg Partin","2026-05-21 01:50:00",15.883,6,emergentphysicslab
2004,16041737,"Yaotong Niu","2026-05-25 04:59:36",15.883,6,yaotongniu
2005,16043506,"Francois Carre","2026-05-21 18:54:25",15.883,2,francoiscarre
2006,15962559,"Spam Izra","2026-05-23 11:26:37",15.883,14,spamizra
2007,16022557,Martyanov_ivan,"2026-05-23 11:06:33",15.883,5,martyanovivan
2008,15937582,komo,"2026-05-23 08:59:58",15.883,1,komodata
2009,16079648,ASetiawan,"2026-05-26 06:27:22",15.883,1,aderiannovito
2010,15925386,shixingkong,"2026-05-26 10:42:40",15.883,3,shixingkong
2011,15892828,shige,"2026-05-26 13:11:04",15.883,1,shimishige
2012,16053948,kinohito,"2026-05-26 15:22:34",15.883,1,kinohito
2013,15868964,CitizenKorea,"2026-06-07 10:12:30",15.883,112,citizenkorea
2014,15872105,"Pedro FG Soares","2026-05-28 09:10:11",15.883,2,pedrofgsoares
2015,15886742,parseltung,"2026-05-29 05:23:29",15.883,2,parselt
2016,16108196,"Mohit #2","2026-05-29 08:46:25",15.883,1,mohitlikestocode
2017,16109831,"Kiran Vitly","2026-06-07 16:22:46",15.883,8,kiranvitly
2018,16110373,"Julien Genzling","2026-05-29 12:06:21",15.883,2,juliengenzling
2019,16065849,"Dr-Deljo Davis","2026-05-30 11:58:14",15.883,5,deljodavis
2020,16062450,SSquare,"2026-05-31 07:12:00",15.883,6,itsshardul
2021,16130852,Feitan,"2026-05-31 08:26:18",15.883,1,feitandodatascience
2022,16105915,"Wesley H","2026-06-01 15:45:49",15.883,5,notsure20099
2023,15881932,"Kita Renji","2026-06-06 04:46:43",15.883,4,champpattara
2024,15867816,"Vanjunn “MAVY” Pongasi","2026-06-08 01:33:11",15.883,49,vanjunnmavypongasi
2025,15888341,JamshaidSohail,"2026-05-31 19:46:40",15.883,1,jamshaidsohail5
2026,16137247,"Matthew J","2026-05-31 23:40:20",15.883,1,incheonkirin
2027,16048024,philsing2001,"2026-06-01 07:59:00",15.883,1,philsing2001
2028,16149603,"Alexander Dickbauer","2026-06-01 22:38:19",15.883,1,alexanderdickbauer
2029,16153240,Saisiddharthpapasani,"2026-06-02 06:57:51",15.883,2,saisiddharthpapasani
2030,15988660,"MAKWELE WISHBERT","2026-06-02 07:32:59",15.883,1,makwelewishbert
2031,16161560,"Ashish naik","2026-06-02 17:51:00",15.883,1,ashunaik
2032,16147211,EnriFermi,"2026-06-03 22:57:09",15.883,3,"enrifermi,vasiliibuzmakov"
2033,16190685,Sruthijha,"2026-06-03 10:17:08",15.883,1,sruthijha
2034,16067669,"Hayato Komiya","2026-06-04 02:20:23",15.883,4,hayatokomiya
2035,16202582,CleAAAAAA,"2026-06-04 08:36:50",15.883,5,sunning11
2036,16212138,"Mukesh Patil","2026-06-04 08:25:09",15.883,1,speedforceyt
2037,16215267,"Nika U","2026-06-05 06:28:20",15.883,8,nikauiokasd
2038,16110788,"David Rouyre","2026-06-04 14:15:46",15.883,1,davidrouyre
2039,15876342,"Sanyam Vasan","2026-06-05 07:27:51",15.883,1,werewolff
2040,16106731,"Tejas Arondekar","2026-06-05 12:15:14",15.883,1,cyclotorn
2041,16232594,Salsinats,"2026-06-07 20:57:37",15.883,3,salsinats
2042,15868046,fura2AM,"2026-06-07 17:51:53",15.883,10,kruskal
2043,16231779,"Phillip Choi","2026-06-05 20:32:14",15.883,1,pchoi85
2044,16131484,haagle,"2026-06-07 16:55:35",15.883,14,haagle
2045,16039397,"Venkat Sumanth Reddy Bommireddy","2026-06-06 12:44:57",15.883,1,sumu1526
2046,16252208,"Jing Lulu","2026-06-06 15:05:03",15.883,1,jinglulu
2047,16233414,Tim,"2026-06-07 19:20:01",15.883,9,kaliuganow
2048,16196608,"Renhe Wang","2026-06-07 02:53:21",15.883,9,pendragonarthur
2049,16142994,"Matt Dwyer","2026-06-07 05:06:25",15.883,5,user182827
2050,16216779,kasagon4747,"2026-06-07 05:24:14",15.883,1,kasagon4747
2051,16253405,Steven66886688,"2026-06-07 11:00:52",15.883,5,steven66886688
2052,15976821,"Manurupan M","2026-06-07 11:14:23",15.883,5,manurupanm
2053,16259933,"zzx Hee","2026-06-07 16:22:50",15.883,1,zzxhee
2054,15993647,"haidar ali","2026-06-06 00:06:41",15.883,7,haidarali1
2055,16250193,"Steve Austin 124","2026-06-06 18:04:41",15.883,1,steveaustin124
2056,16214200,furugen_hinata,"2026-06-07 16:54:05",15.884,1,furugenhinata
2057,15931286,"Nezihe Sözen","2026-05-21 10:10:35",15.885,1,nezihesozen
2058,15913689,"Gaurav Upreti","2026-05-25 06:56:11",15.896,9,reaper0ai
2059,15889270,"Karl Steiner","2026-05-25 18:45:11",15.905,6,karlsteiner
2060,15876474,"Vinicius Serra Vianna","2026-05-19 12:21:24",15.918,17,viniciusserravianna
2061,15868203,Shanku_x,"2026-05-26 11:37:50",15.925,14,shankux
2062,15999922,wangshushushu,"2026-05-18 08:54:08",15.951,1,wangshushushu
2063,15917130,"Zhong Shenshi","2026-06-04 06:41:50",15.966,1,dezhizhang
2064,15976074,َGenuine,"2026-05-18 13:46:23",15.979,9,fatma91
2065,15864612,takaito,"2026-05-06 01:47:28",15.990,2,takaito
2066,15872104,"Selim Halykov","2026-05-13 18:28:31",15.999,1,selimhalykov
2067,16030282,"Zikai Chen","2026-06-07 16:19:45",16.007,19,kyrie1102kai
2068,15950358,"Samer Attrah","2026-06-06 17:16:02",16.008,19,samerattrah
2069,15971279,"Muhammad Ameen Bohio","2026-06-07 17:48:21",16.011,3,muhammadameenbohio
2070,16141895,"Stanislav Chistyakov","2026-06-03 19:50:18",16.014,4,chistyakov
2071,16241219,"Alvin Liu","2026-06-05 15:32:10",16.026,1,alvinliu0923
2072,15926580,"Jiawei Zhao","2026-06-04 00:53:57",16.030,16,c789a123
2073,15866486,"Osheen Kaur","2026-05-17 22:55:04",16.066,27,osheenkaur
2074,16083071,"Aryo Bagus KT","2026-05-28 14:38:21",16.097,1,aryobaguskt
2075,15867164,"Rahil Prakash Ram","2026-05-12 01:13:20",16.099,9,rahilprakashram
2076,15947029,WangZhi0201,"2026-06-04 09:19:42",16.112,3,"tyalia23123,wangzhi0201"
2077,16066519,"Emilio Mas","2026-06-04 10:31:32",16.125,2,emiliomas
2078,16141663,"Animesh Ratna","2026-06-04 07:26:45",16.127,9,animeshratna
2079,16097470,Abhishekbrp,"2026-06-05 11:53:27",16.138,1,abhishekbrp
2080,16128858,LiquiditySheepLynx,"2026-06-01 05:55:01",16.152,1,liquiditysheeplynx
2081,16114093,Robin,"2026-06-06 14:39:09",16.197,1,robinonsay1
2082,15964881,"Tudor Beloiu","2026-05-16 12:22:37",16.200,6,tudorbeloiu
2083,15889649,oriolgalceran,"2026-05-13 12:53:21",16.202,11,oriolgalceran
2084,15930211,"Jude Ogene","2026-05-18 18:35:50",16.236,4,judeogene
2085,15998308,"Tlotlo Oepeng","2026-05-23 15:34:49",16.258,6,tlotlooepeng
2086,16083694,"Thippeswamy H U","2026-05-31 12:05:51",16.277,6,thippeswamyhu
2087,16018466,"Anas Elkot","2026-06-08 05:34:52",16.290,71,anaselkot
2088,15865076,"Abir Saha","2026-05-14 20:06:54",16.349,5,abirsaha2307
2089,15865309,Disha,"2026-06-07 11:19:45",16.360,29,dishamotiramani
2090,16090528,280,"2026-05-28 11:40:51",16.372,6,"glake8,leonardostoppani"
2091,16051955,"AMRIT Lahari","2026-05-24 06:02:43",16.379,3,amritlahari
2092,16211786,MillanH,"2026-06-04 07:45:02",16.385,2,millanh
2093,16029569,"duder broseph","2026-05-22 00:04:21",16.388,3,duderbroseph
2094,16127507,"Joao gabriel alves g","2026-06-01 04:03:02",16.392,4,joaogabrielalvesg
2095,15973265,"mar lec","2026-05-16 20:14:57",16.414,4,martinleclercq
2096,15998429,rdn2k00,"2026-06-01 13:05:20",16.428,5,rdn2k00
2097,15869364,"Chip Soldan","2026-06-07 02:40:09",16.449,18,chipsoldan
2098,15874631,"Muhammad Awais","2026-06-07 10:15:30",16.479,11,muhammadavici
2099,15897017,chanKonabe,"2026-05-30 08:30:52",16.510,2,chankonabe
2100,15911506,"Dhruv Pai Dukle","2026-06-07 08:45:51",16.543,3,dhruvpaidukle
2101,15908019,"Antonio Avella","2026-05-11 13:48:30",16.549,2,hetman70
2102,16086646,"Paul Conrad","2026-05-31 12:21:47",16.550,8,paulconrad21
2103,16041438,January,"2026-06-03 14:05:38",16.579,32,januaryfined
2104,15884372,"Rabeya Noor","2026-05-09 05:17:11",16.611,9,rabeya100x
2105,15868020,"dr.Kaouther SELMI","2026-05-10 19:08:13",16.626,13,kaoutherselmi
2106,15866997,"Juan luis Garcia fuenmayor","2026-06-04 14:27:39",16.650,65,juan222200
2107,15926001,"chen rui6667","2026-05-14 09:16:40",16.679,9,chenrui6667
2108,15935880,"Ruhul Amin","2026-05-23 02:21:11",16.680,11,ruhul20
2109,15906542,Don,"2026-05-22 15:56:56",16.683,1,edonisraci
2110,16136437,"Taylor S. Amarel","2026-06-01 03:14:31",16.724,3,taylorsamarel
2111,15889496,"Mattia Angeli","2026-06-06 10:22:49",16.752,1,mattiaangeli
2112,15878157,"John Doe","2026-05-12 13:56:12",16.760,5,icyops
2113,16131638,"Holley Alfred","2026-06-04 09:21:26",16.795,2,holleyalfred
2114,16082980,"AVINASH SHRIVASTAVA","2026-05-29 17:42:08",16.859,2,avinashiitm
2115,16051743,"Hugo F Valdez","2026-06-07 14:10:06",16.869,2,hugofvaldez
2116,16027616,"Nishant Iyer","2026-05-20 05:35:49",16.894,5,nustanishant
2117,16057307,Joey.ZY,"2026-06-04 16:57:40",16.900,8,joeykaggless
2118,15952709,"Yoshiyuki Hongoh","2026-05-15 00:18:04",16.910,1,yoshiyukihongoh
2119,15946400,"vijay thurimella","2026-06-08 06:56:09",16.987,23,vijaythurimella
2120,15950562,Zach,"2026-05-19 15:00:25",17.049,7,datumz
2121,16156456,Jormungand,"2026-06-06 10:12:05",17.059,1,yukuanzou
2122,15874041,"Aman Jain","2026-05-13 05:21:27",17.140,6,amanjain1008
2123,15871436,"JAKKA BALAKRISHNA","2026-05-12 11:10:42",17.153,5,jakkabalakrishna
2124,15869831,"Sharmi Nisha","2026-05-28 07:27:58",17.216,46,sharminisha
2125,16252164,fsun,"2026-06-08 03:54:55",17.290,1,franksunp
2126,15915119,"Mongkhon Hatit","2026-05-12 08:04:08",17.298,2,mongkolhatit
2127,15874557,"Luis Diambra","2026-05-31 23:41:26",17.343,17,luisdiambra
2128,16161960,neuroslop,"2026-06-08 06:52:54",17.409,8,"gerantonstorm,viktor1709"
2129,15907406,heriqis777,"2026-06-07 18:34:01",17.419,5,heriqis777
2130,15865248,fingoldo,"2026-05-06 00:37:56",17.423,4,fingoldo
2131,15912118,"Mohamed Abbas","2026-06-04 09:54:00",17.497,4,mohamedsalamh
2132,15905831,YuxueLiu_Dufe,"2026-05-11 00:40:05",17.530,3,yuxueliudufe
2133,15890106,"Raphael Alte","2026-05-08 15:28:11",17.532,3,raphaelalte
2134,15866498,Mikhail_Komkin,"2026-05-21 19:52:27",17.535,4,mikhailkomkin
2135,15927590,"Corentin Lespagnol","2026-05-13 12:55:34",17.580,1,lespagnolcorentin
2136,15874756,Aurorcys,"2026-05-10 03:18:15",17.588,3,aurorcys
2137,16043327,ZhuangLihao,"2026-05-23 10:18:26",17.633,5,zhuanglihao
2138,16187916,PaulLai0111,"2026-06-04 09:57:07",17.659,2,paullai0111
2139,16116454,"Ayan Maity08","2026-05-31 05:01:42",17.724,1,"ayanmaity08,rajchakraborty1024"
2140,15913636,"Daniel D Furness","2026-05-11 15:52:25",17.793,1,danieldfurness
2141,16214901,BHOS,"2026-06-05 06:33:16",17.795,5,kchanis
2142,16252757,"Burçak Demirel","2026-06-06 20:50:24",17.810,5,burcakdemmirel
2143,15873341,"Дворкин Евгений Владимирович","2026-05-14 14:02:14",17.882,20,evgendvorkin
2144,16135428,"Peter Morozov","2026-06-04 15:10:24",17.897,12,bigbagbaloo
2145,16073442,TensorFlower,"2026-05-26 14:17:11",17.935,5,dzdatasci
2146,16044702,"Ricardo Serrano #2","2026-05-30 19:54:16",18.008,1,ricsam
2147,15866636,"Filip Miljevic","2026-05-06 17:37:00",18.160,5,"anaclaraalvez,filipmiljevic"
2148,15944954,Asher407,"2026-05-24 07:52:18",18.166,1,asher407
2149,16127504,"Eunbeen Jung","2026-06-07 22:36:49",18.214,4,e5jung
2150,16221175,sunrise01,"2026-06-04 13:01:58",18.235,1,sunrise01
2151,15865257,"Akshay Jain_RB","2026-06-04 19:19:09",18.268,5,akshayjainrb
2152,16068102,Hajimi-ROG,"2026-05-27 15:45:30",18.268,5,"andycooper747,yuxiang328"
2153,15867883,"Ohene A","2026-05-06 01:51:45",18.382,1,pamo12
2154,15936636,TctFPL,"2026-05-13 12:53:03",18.434,1,tctfpl
2155,15947074,"senthil kumaran T","2026-05-15 01:55:45",18.519,2,"senthilkvggbn,sudharsan666"
2156,15949239,"Jacopo Binati","2026-06-01 14:46:45",18.618,6,jacopobinati
2157,16082300,ujwal_19,"2026-05-26 11:58:03",18.626,1,ujwal19
2158,15878663,"Md Farhad Hussain","2026-06-05 16:11:28",18.708,1,mdfarhadhussain
2159,16048496,Mint120,"2026-05-23 05:59:57",18.772,1,mint120
2160,15868636,SAMEyujher,"2026-05-22 00:32:12",18.817,12,sameyujher
2161,15899451,BarbieIphone,"2026-05-26 17:13:56",18.895,13,ashimtom
2162,15905598,"Muhammad Junaid","2026-05-09 10:32:44",18.940,5,junaid512
2163,16012168,chibarie,"2026-05-18 14:04:51",18.945,1,chibarie
2164,16053605,"Bing Li","2026-05-30 09:55:40",19.005,7,bingli0617
2165,16207966,iwamoiwamo,"2026-06-06 15:27:34",19.017,2,iwamoiwamo
2166,16197334,kenchanhodgkin,"2026-06-05 12:55:57",19.019,1,kenchanhodgkin
2167,15871294,"HRIDAY PATNEY","2026-05-10 10:03:23",19.021,2,hridaypatney05
2168,16240624,"Сочи Сириус прикольно","2026-06-07 23:01:18",19.027,6,"emorgunov,gistreg,mikhailkachalin"
2169,15867800,"Md Mahfuz Sumon","2026-05-06 00:24:12",19.047,1,mdmahfuzsumon
2170,15869346,YangjieFu,"2026-05-06 07:23:18",19.047,3,yangjiefu
2171,15868883,"Muhammad Hamim Islam","2026-05-07 02:24:45",19.084,2,odvut1
2172,15991947,MikikoKizawa,"2026-06-05 21:58:21",19.107,1,mikikokizawa
2173,16205691,Sven,"2026-06-05 18:45:07",19.159,5,sventleman
2174,15868872,Talha_Karim_TK,"2026-05-22 19:20:32",19.202,3,talhakarimtk
2175,16008091,"Alejandro Velazquez","2026-06-01 03:32:45",19.306,3,alejandrovelazquez1
2176,15865661,"KAMLESH KUMAR","2026-05-06 09:05:45",19.406,3,kam1114
2177,15867150,"NIKHIL YADAV","2026-05-27 14:12:12",19.436,2,nikhilyadav232223
2178,15948799,"Ivan Shatskov","2026-05-15 12:11:19",19.522,1,ivanshatskov
2179,16001523,"Toshiki Honda","2026-06-06 16:14:13",19.608,24,toshikihonda
2180,15867059,"Shiva Kintali","2026-05-09 00:14:56",19.713,12,shivakintali
2181,16086123,JackLX,"2026-05-27 11:30:09",19.883,2,jacklx
2182,16109718,Nisarg_Shah_2003,"2026-06-06 18:38:29",19.892,2,nisargshah2003
2183,15913245,"Code by khan","2026-05-15 18:12:45",19.971,6,codebykhan
2184,15866008,"Issa Mansour","2026-05-13 07:41:47",20.121,1,issamansour
2185,15869699,"Mohammed Enan","2026-05-06 15:16:09",20.341,3,mohammedenan
2186,15871747,"Mirangga Jakti","2026-05-10 11:47:21",20.343,1,miranggajakti
2187,15876284,"Wilfred maillot","2026-05-07 07:00:32",20.492,10,wilfredmaillot
2188,16041355,"Cristiano Rotunno","2026-05-23 19:35:54",20.547,1,cristianorotunno
2189,16063995,Laksamada,"2026-05-24 17:02:55",20.582,4,fachri00
2190,15923697,"Saiteja M","2026-05-28 13:51:26",20.808,4,kaggler994
2191,15867852,"Anjana mohan","2026-05-12 00:14:44",20.831,3,anjanamohan13
2192,15868477,"KOUSHIK KUMAR DINDA","2026-05-25 02:58:50",20.879,4,koushikkumardinda
2193,15901697,Xun.331,"2026-05-09 17:21:18",20.951,2,xun331
2194,15866743,"Bektur Bekboev","2026-06-07 00:34:48",21.160,26,bekturbekboev
2195,16233435,"Yuguo Du","2026-06-08 05:07:49",21.179,4,yuguodu
2196,15914570,nilochan,"2026-05-10 07:00:30",21.311,1,nilochan
2197,16213380,Kendamarron,"2026-06-07 22:32:11",21.375,5,kazuhirokuriyama
2198,16210329,"Chris Chen","2026-06-04 18:54:17",21.444,3,sofunnyhaha
2199,15865757,"Dr. Ahmed M Abdelsalam","2026-05-19 19:34:02",21.458,5,drahmedmabdelsalam33
2200,16150216,r13721,"2026-06-06 20:18:55",21.764,1,r13721
2201,16101673,ocassional_self_glazer,"2026-05-29 17:33:27",21.780,1,cooker333
2202,16217999,Blue781,"2026-06-07 20:10:43",21.850,8,blue781
2203,16102528,deepblue123,"2026-06-01 07:10:18",21.948,7,deepblue6666
2204,16084517,"KHUSHI MALIK","2026-05-27 12:53:55",22.036,1,khushimalik51126
2205,15876055,"Leonard Benson","2026-06-05 14:34:05",22.112,6,leonardbenson
2206,15890429,"Aditya Kashyap","2026-05-15 04:24:22",22.146,7,adityakashyap1111
2207,15936415,cgrlkc,"2026-05-29 03:25:40",22.198,5,cgrlkc
2208,16154106,"M.Harshavardhan Raju","2026-06-07 14:27:28",22.466,4,mharshavardhanraju
2209,15939420,"Prahit viraaj Reddy ","2026-05-21 10:31:39",22.542,19,prahitviraajreddy
2210,15929596,"Manny Peiso","2026-05-19 02:01:57",22.876,3,mannypeiso
2211,15936262,"Masaki Koike","2026-05-18 04:38:20",22.890,13,masakikoike
2212,15886213,Yugoawawa,"2026-06-04 16:20:44",22.927,2,yugoawawa
2213,16035256,AbrarFahadthe1,"2026-05-22 09:09:19",22.929,6,abrarfahadthe1
2214,16209841,JIAWEILI0001,"2026-06-08 04:49:51",23.009,22,jiaweili0001
2215,15903444,KDEEEE,"2026-06-07 21:29:45",23.038,15,kdeeee
2216,15915629,"Sameer Rawat","2026-06-01 00:32:45",23.211,4,sameerrawat1904
2217,15969705,"Shankha Subhra Saha","2026-05-19 06:58:12",23.359,7,shanks905
2218,16210887,chenxi,"2026-06-04 14:26:09",23.492,4,cqput640
2219,15870873,HarshitShah004,"2026-05-15 13:55:39",23.523,19,harshitshah0004
2220,15874972,"Kavyanshu Singh","2026-05-29 12:16:26",23.700,5,kavyanshusingh
2221,15898827,AHOIA21,"2026-05-10 14:01:03",23.701,1,ahoia21
2222,16036205,Marcusmac,"2026-05-22 23:24:38",23.814,2,marcusmac
2223,15932777,Druson0,"2026-06-01 13:22:29",23.857,9,druson0
2224,15873289,"Mannlich Tankeng","2026-05-15 09:26:31",23.927,16,mannlichtankeng
2225,15967958,K.Nagase,"2026-05-27 00:18:10",24.066,6,kntkjtr
2226,15976053,Gabous_Johnson,"2026-05-21 20:30:50",24.271,2,gabousjohnson
2227,15887135,"Hafida Belayd","2026-06-03 19:10:07",24.517,7,hafidabelayd
2228,16139994,otter_0714,"2026-06-03 06:31:21",24.782,6,otter0714
2229,15951290,"Ali Bauyrzhan","2026-06-08 04:07:03",24.879,5,alibauyrzhan
2230,15920554,"Magdi El-Sharkawy","2026-06-06 09:04:17",25.091,28,magdielsharkawy
2231,15909315,"Suneet Saini","2026-06-01 12:10:51",25.091,6,suneetsaini
2232,16239256,ZhouSicheng93,"2026-06-05 12:24:32",25.192,1,"zhousicheng93,zhousujin0307"
2233,15886393,gogome_Joh,"2026-05-12 12:15:26",25.631,3,mkamijo
2234,15910765,elmafia,"2026-06-07 08:04:34",25.699,35,tumbarell
2235,15865640,"Avik Das","2026-05-16 05:09:45",25.782,3,avikdas567
2236,16022295,"Nanda Kumar","2026-05-19 11:19:58",26.171,2,nanda23f3001984
2237,16259278,"Mikhail Bovt","2026-06-08 01:54:52",26.203,4,mikhailsovab
2238,15866874,"Leandro Daniel Lau Alfonso","2026-05-31 15:23:24",26.226,31,leandrolau
2239,16007092,"Chii-Wha Hwang","2026-05-18 03:59:09",26.251,1,chiiwhahwang
2240,15918579,AWisteria,"2026-05-25 14:58:23",26.391,1,awisteria
2241,16138042,Gcaputo,"2026-06-06 02:48:58",27.028,14,gcaputo
2242,15870480,"Avula Puneeth Kumar Reddy","2026-05-27 17:20:46",27.572,2,puneethkumarreddy
2243,16119800,"Gyanam Modi","2026-06-06 18:17:38",27.698,7,gyanammodi
2244,16053400,"Jim Appiah","2026-05-25 08:29:28",27.762,5,jimappiah
2245,15919724,"guang hua","2026-05-12 11:50:08",27.975,9,guanghuaasfe
2246,15993729,"Priyanshu Pandey","2026-05-16 14:48:08",28.907,1,priyanshu00
2247,16140018,"yang rangrong","2026-06-06 01:09:57",28.960,1,yangrangrong
2248,15868562,"Đăng Trương Hải","2026-05-17 02:15:56",29.072,1,ngtrnghi
2249,15868996,"Ashish Kuru","2026-05-23 18:26:20",29.176,1,ashishkuru
2250,15892079,ChenXiaoLin04,"2026-05-13 03:11:00",29.280,1,chenxiaolin04
2251,15888781,"CHEN YANGYANG","2026-05-21 15:37:53",29.676,3,yangyang1111111
2252,16023506,Pradyum#7,"2026-05-30 12:26:05",30.016,7,pradyum7
2253,16048881,"Emmanuel Duke","2026-05-23 06:15:41",30.032,1,emmanueldukeq
2254,16028882,Srihari_2237,"2026-05-21 18:43:23",30.155,6,"booleanvalues,muthurajeshv,srihari2237"
2255,15872855,"Fadi El Hassan","2026-06-04 10:54:21",30.559,17,fadielhassan
2256,16257196,"Taha ASLAN","2026-06-08 05:36:18",30.973,3,tahaas
2257,16132244,kotaku,"2026-06-08 06:31:27",30.984,4,kotaku
2258,15876423,"Talha Umar","2026-06-03 14:36:40",31.125,5,talhaumar
2259,16207455,_.tushhaaarrrr,"2026-06-07 22:43:48",31.536,3,tushhaaarrrr
2260,16207207,"Arpit Kumar","2026-06-03 23:09:28",31.616,3,katakuri004
2261,15877952,"Sainatha Reddy Yatham","2026-05-07 07:48:43",31.891,6,sainathareddyyatham
2262,16046897,str(LJ),"2026-05-22 14:26:29",32.296,1,ljamoosian
2263,15866301,"Chrysovalantis Constantinou","2026-05-20 18:38:08",32.654,3,cconsta1
2264,15946511,DKerryyyy,"2026-06-02 08:04:05",32.754,2,dkerryyyy
2265,15940193,"Rehaan Ahmad Khan","2026-05-12 19:12:58",32.823,1,rehaanahmadkhan
2266,16203500,"Kumar Vivek","2026-06-04 18:30:06",33.002,3,kumar1234567vivek
2267,15875185,woni225,"2026-05-08 09:51:38",33.183,2,woni225
2268,15864830,Ajsal_ali,"2026-05-13 11:25:10",33.321,8,ajsalali
2269,15868520,wonikjang,"2026-05-21 08:16:47",33.335,7,wonikjang
2270,16139083,ajayvenkat1947,"2026-06-03 14:05:56",33.464,5,ajayvenkat1947
2271,16238835,Infrared,"2026-06-06 10:11:30",33.612,6,infraredfall
2272,15934307,"seyed esmaeil sadat najafi","2026-05-13 07:44:37",33.630,7,afmobile49
2273,15869644,iathar,"2026-05-07 10:20:09",34.070,3,iathar
2274,15867483,"Sandeep Reddy Venna","2026-05-07 01:29:44",35.264,6,vennasan
2275,15873941,"MULI KALYAN KUMAR REDDY ","2026-05-11 07:56:17",35.416,6,mulikalyankumarreddy
2276,15891682,ThuggieBear,"2026-05-24 21:54:53",35.468,14,davidgoodrich
2277,15876581,"Md. Thoukir Hasan Ha-Mim","2026-05-14 20:21:07",35.987,5,mdthoukirhasanhamim
2278,16251583,oneesh00t,"2026-06-06 21:53:28",36.056,1,albertpitkowski
2279,16040632,"Abhisek Dash","2026-06-07 09:37:24",36.315,10,abhisekdash37
2280,16205291,blckvia,"2026-06-06 06:24:43",36.492,2,blckvia
2281,16041198,sti11er,"2026-05-26 15:45:10",37.708,1,sti11er
2282,16259112,たかゆき,"2026-06-08 01:58:29",37.999,10,takayuki0127
2283,15931343,"Muhammad Sudais AI","2026-05-23 17:59:48",38.210,1,muhammadsudaisai
2284,16134282,xiqwqxi,"2026-06-06 14:55:47",38.222,2,xiqwqxi
2285,15863975,"Pengnan Chee","2026-05-23 22:45:50",38.344,1,pengnanchee
2286,15917906,"Patrick Ramontalambo","2026-05-11 09:23:10",38.536,4,patrickramontalambo
2287,15982960,josh,"2026-05-15 11:17:37",39.156,5,joshuaburnsblack
2288,15871113,"sreenithi venkatesan","2026-05-16 10:08:40",39.229,18,sreenithivenkatesan
2289,16090746,"Huang Jiaxu","2026-05-28 03:52:09",39.926,1,huangjiaxu
2290,15927991,"LOVA SIVA MANIKANTA Ch","2026-05-23 13:53:47",40.169,47,lovasivamanikantach
2291,15871375,"Varshitha Manchikatla","2026-05-06 10:12:44",40.472,4,varshithamanchikatla
2292,15874785,"Sharad Garg","2026-05-15 07:59:11",40.622,5,sharadgarg
2293,16035425,maxim_berezov,"2026-05-20 19:03:28",41.274,1,maximka888
2294,16042504,"36.Nguyễn Thành Thái","2026-05-21 14:56:14",41.940,1,tthaii
2295,15868959,"AYUSH SONI","2026-05-06 16:11:16",42.107,4,"ayushsoni007,developerx64,divyanshuchouhan123"
2296,16075605,"Death of Pasta","2026-06-06 13:28:58",43.370,3,deathofpasta
2297,16021828,not.nam.14,"2026-05-22 10:53:19",43.975,9,notnam14
2298,15927294,"table spoonful","2026-05-11 12:01:38",44.069,1,tablespoonful
2299,16108341,homeward,"2026-05-30 11:14:22",44.943,7,homeward
2300,15880444,IhsanulRizky,"2026-05-09 11:20:23",46.135,1,ihsanulrizky
2301,15993614,"Sushil Krishnan","2026-05-17 06:28:50",46.411,4,"sujaradha,sushilkrishnanvlr"
2302,15980391,sellcrows,"2026-06-05 05:16:22",46.630,5,sellcrows
2303,15900377,"RISHI JOSHI","2026-05-17 03:53:57",48.141,5,tangorishiiiii
2304,16139945,"Peter Findley","2026-06-01 06:32:51",49.893,2,raist321
2305,15880087,"Benjamin Woodson","2026-05-07 05:48:22",50.130,1,benjaminwoodson
2306,15865747,MuskMoon1909,"2026-06-03 20:42:14",50.186,14,muskmoon1909
2307,15957275,Raiou_B,"2026-05-14 07:22:32",52.175,1,raioub
2308,15991471,hehe,"2026-06-01 11:30:10",52.484,3,tanishbooti
2309,16092925,Apollinariat,"2026-05-29 05:42:30",52.587,4,apollinariat
2310,16084744,"DHANUNJAYA RAO TANGIRALA","2026-05-27 08:36:34",52.775,9,dhanunjaya007
2311,16019524,"Hello Universe","2026-05-19 11:36:44",52.856,4,"anantrajjadhav,yashraut7"
2312,16239318,"Rofa'ul Akrom Hendrawan","2026-06-08 06:32:08",53.431,8,rofaulakromhendrawan
2313,15865814,"Grzegorz Sionkowski","2026-05-10 19:16:02",53.804,1,sionek
2314,16001968,"Parker Snow","2026-05-20 11:47:23",54.464,3,parkersnow
2315,16129037,Zenmaster,"2026-05-31 14:56:53",55.852,4,tanushrcsstudent
2316,15929277,edna891,"2026-05-18 08:43:03",56.071,2,edna891
2317,15886690,"Dhanush BE","2026-05-16 15:19:54",56.503,3,dhanushbe06
2318,15874641,"Gideon Adom Boateng","2026-05-11 09:19:52",57.107,8,gideonadomboateng
2319,16077515,"Carmen Menism","2026-06-08 01:13:00",57.291,13,carmenmenism
2320,15936852,"Wutthikorn Thongdee","2026-05-15 08:02:53",57.747,5,wutthikornthongdee
2321,16114314,frokly,"2026-05-29 23:01:05",60.393,1,frokly
2322,15864525,"Ayush Tiwari","2026-05-17 13:24:10",62.259,3,ayushtiwariiitg
2323,15899507,baoly1309,"2026-05-12 16:09:51",62.332,2,baoly1309
2324,16236526,ps.source,"2026-06-06 08:52:04",64.226,1,pssource
2325,16154413,Kazuhiro_Yogo,"2026-06-06 02:33:58",64.811,13,kazuhiroyogo
2326,16062397,swordsman,"2026-06-07 12:00:39",65.046,3,liuyanfeng
2327,16092496,csustlibo,"2026-05-30 03:27:07",65.678,2,csustlibo
2328,15872494,Murshedul,"2026-05-06 14:36:20",66.065,1,murshedul
2329,15980484,Anirudhgg,"2026-05-15 05:50:36",66.358,1,anirudhgg
2330,15889967,"TUHIN BIDYANTA","2026-05-08 22:37:28",66.815,3,"c0ugarclaw,srestharoy,tuhinbidyanta"
2331,15960857,RequieMa,"2026-05-20 03:01:52",67.727,7,u1604521
2332,16031741,"Ivan Vorontsov","2026-06-07 14:33:27",68.588,14,van4er
2333,16047240,"[Deleted] 9e6894b9-42c3-46d5-a385-3b9430bf60d9","2026-05-22 15:35:33",68.763,2,del=702d2c85b493e996
2334,16012884,aixuxian,"2026-06-05 07:24:25",71.331,5,aixuxian
2335,15897591,"Nann Hla Htwe","2026-05-15 10:03:23",71.363,1,nannhlahtwe1
2336,15912897,"Veronika Sarikaya","2026-05-10 19:53:32",71.876,1,veronikasarikaya
2337,15886963,ally,"2026-05-24 05:57:51",74.760,1,phamngoclinh
2338,15880319,れもねーど,"2026-06-07 13:34:18",75.154,2,lemoninthelemonade
2339,15875946,ZeroEntropy,"2026-05-11 17:53:21",76.943,5,tronghuy315
2340,15872825,Smarth_coder,"2026-05-07 11:50:10",77.170,6,smarthcoder
2341,16032539,"Hardik Chanana","2026-05-23 05:43:54",77.405,1,hardikchanana
2342,16200870,BATE,"2026-06-03 16:41:54",77.405,1,jihongzeng
2343,15877518,"Vitaly Grankin","2026-05-07 14:09:30",77.405,1,vitost
2344,16025093,"SARAVANAN S","2026-05-19 18:34:58",77.405,3,sarav18302
2345,16148585,"Gil Sanchez Ramirez","2026-06-07 18:50:59",78.764,6,gilsanchezramirez
2346,16001993,"Gowri Shankar S","2026-05-30 12:57:28",80.718,3,gs0504
2347,15882878,"RAKOTONIRINA Tendry Axel","2026-05-27 07:48:33",83.020,17,tendryrakoto
2348,16132739,"William Dalton","2026-06-01 07:18:19",84.778,2,huuh111
2349,15866821,what_ra_sudeep,"2026-06-06 09:35:11",85.187,6,azilsyedekcs24b008
2350,16044757,"Matthew Cullen","2026-05-22 22:11:05",85.313,5,mattcullen6154
2351,15998989,lucenfort,"2026-06-07 20:58:07",85.374,1,lucenfort
2352,15888030,APEXNg,"2026-05-13 12:19:38",85.693,4,khangcs
2353,16244315,"Nikhil Sharma","2026-06-07 18:37:24",85.963,1,moodoxyy
2354,15866470,"Craig Demel","2026-05-13 00:10:44",90.224,12,craigdemel
2355,15995009,"Kaja Vikas","2026-05-31 16:25:24",92.108,9,kajavikas
2356,16075295,"hai hoang minh","2026-05-26 14:28:52",93.325,2,haihoangminh
2357,16063724,tommol,"2026-05-25 14:56:10",94.344,4,tommol
2358,15875517,Da-P,"2026-05-07 08:08:48",95.046,2,mazusakit
2359,16142009,"Ron Nyonje","2026-06-04 14:42:00",95.990,6,ronnyonje
2360,16092252,AI4ALL,"2026-06-07 16:27:16",96.428,14,asimov13
2361,16057679,YU_OBA2000,"2026-06-07 05:40:34",97.204,19,yuoba2000
2362,16035804,camron,"2026-05-21 13:15:11",97.580,1,naklanjuliencamara
2363,15869082,vbookshelf,"2026-05-06 06:17:08",99.077,5,vbookshelf
2364,16078531,JKLEE,"2026-06-08 07:11:22",102.241,5,jkleescp
2365,15928422,Fl1nixxx,"2026-05-14 11:58:28",102.268,5,fl1nixxx
2366,15885098,"Tahir Yamin","2026-05-09 14:47:09",102.613,11,mtahiryamin
2367,15889790,"Mohammed Majeed","2026-05-07 20:48:29",104.436,1,mojjeed
2368,16060293,"Edward yao","2026-05-26 13:15:03",104.467,5,edwardyao12123
2369,16087418,"johnson Chiang 26","2026-06-07 02:01:09",107.342,1,johnsonchiang26
2370,15995008,"Zachary Cosenza","2026-05-30 16:54:22",108.048,6,zacharycosenza
2371,16253838,"Himanshu Kumar 2517","2026-06-07 21:13:39",109.384,3,himanshukumar2517
2372,16027086,SHOBOB,"2026-05-20 00:52:13",110.105,2,shohombandyopadhyay
2373,16056708,Strickland22,"2026-05-24 11:28:24",110.822,2,strickland22
2374,15866635,"Radha kadam","2026-05-11 03:34:49",113.226,3,radhakadam7
2375,16022253,carsasas,"2026-06-07 17:53:20",113.738,30,carsasas
2376,16007938,"please like","2026-06-05 17:28:08",114.130,22,pleaselike
2377,15919303,giraffeneck,"2026-05-28 08:22:03",115.060,5,yamajin
2378,16234053,"Tiago Soares","2026-06-07 10:11:22",115.325,1,tiagosoares
2379,15939454,herok0809,"2026-05-23 06:55:22",115.988,11,herok0809
2380,15868667,Gagandeep44489,"2026-05-06 04:08:34",116.088,4,gagandeep44489
2381,16042146,superhiro,"2026-06-08 03:35:59",116.397,18,superhiro
2382,15872845,"Bhooshen Sakthivel","2026-05-07 19:56:17",117.402,1,bhooshensakthivel
2383,16147753,N4k4nnur45h0h31,"2026-06-06 23:23:32",117.431,4,n4k4nnur45h0h31
2384,16047752,"Chandu g","2026-05-23 02:10:46",118.040,4,chandug
2385,15931591,"Harsh Tyagi","2026-05-12 06:58:59",118.252,7,harsht2003
2386,16097796,シェリー,"2026-06-02 05:37:39",118.802,9,shelly1017tosei
2387,15874991,"Ayush Khaire","2026-06-05 15:49:08",120.190,21,ayushkhaire
2388,16030668,"khwaja Moula'Ali","2026-06-07 07:10:31",120.288,18,khwajamoulaali
2389,15928451,"Adarsh K S","2026-05-11 15:01:42",121.670,2,adarshayush
2390,15930094,"Julio Contreras","2026-06-07 19:38:40",123.269,5,juliocontreras
2391,15995496,"Vanya Golovanov","2026-05-18 21:50:41",123.548,5,xrtg074
2392,16059810,"MICKY LUI","2026-05-24 10:54:17",123.722,1,mickylui
2393,16023804,"Mahmoud Ashraf","2026-06-06 09:12:18",124.381,36,mahmoudashraf7400
2394,15869464,"Radhika Shrivastav","2026-05-06 05:08:43",124.500,3,radhikasaniya
2395,16212330,"Zobayer Abdullah","2026-06-05 13:28:02",124.513,6,zobayerabdullah
2396,15883631,"Ákos Pintér","2026-05-09 17:50:40",125.946,4,kospintr
2397,15999064,"Julien Kuhn de Chizelle","2026-06-06 01:51:00",126.619,17,julienkdc
2398,16118422,graminyu,"2026-05-31 03:14:11",126.872,1,graminyu
2399,15903931,mochi,"2026-05-09 19:08:42",127.372,2,lau01b
2400,15939782,"Amiranda Fuller","2026-06-07 01:29:27",128.639,4,amirandafuller
2401,15875886,"kidus yohannes 993","2026-05-15 14:04:53",129.786,17,kidusyohannes993
2402,15998100,"Ανδρέας Καραγεώργος","2026-05-17 03:36:11",130.611,2,andreaskar86
2403,15906027,KriSav,"2026-06-07 09:18:44",130.989,5,madhusmitasahoo
2404,16097113,"p pxl16","2026-05-30 04:00:05",131.648,9,ppxl16
2405,16160944,Maksonch1k,"2026-06-03 14:36:05",131.823,2,maksonch1k
2406,15919685,1.21gigawatts,"2026-06-06 11:50:32",133.915,5,user121gigawatts
2407,16223893,k2-gc,"2026-06-05 15:22:30",134.813,1,penguingc
2408,15918571,"Yu Izumi","2026-05-19 01:32:57",135.755,1,chibazumi
2409,15871366,"kartik pandey","2026-05-06 08:07:25",136.225,1,kartik3pandey
2410,16022059,suri@7,"2026-05-26 09:57:32",136.238,3,sureshsuri
2411,15872091,surendrapatidar36,"2026-05-06 09:59:33",136.497,1,surendrapatidar36
2412,16002412,Stand_users,"2026-05-20 14:09:07",138.537,1,"aryansisodiyainf09,frozen09"
2413,16117502,TanmayChawla,"2026-06-01 13:01:46",138.785,3,tanmaychawla16
2414,16024473,"wei chen Tsai","2026-05-20 04:28:51",139.126,3,weichentsai
2415,15877763,"Vansh Tiwari","2026-06-06 15:16:48",140.982,10,vanshtiwari912
2416,15890212,"Bruno G. do Amaral","2026-05-08 21:24:41",143.474,2,bguberfain
2417,15871529,"Biplob Raihan","2026-05-13 15:24:48",144.277,2,biplobraihan
2418,15869178,"Arvind Nandigam","2026-05-15 05:49:05",145.830,9,arvindnandigam
2419,15951933,"Baha Enes Ören","2026-05-14 05:41:52",146.855,1,bahaenesren
2420,16075517,"Ian Chang","2026-05-30 13:40:36",147.352,3,ianjc314
2421,15890827,"Alexander Kwesi","2026-05-09 07:25:07",148.463,10,alexanderkwesi
2422,15903413,"Ayyoub BENMANSOUR","2026-05-09 23:41:53",151.407,3,ayyoubbenmansour
2423,15872428,"Daniel Fowler","2026-05-10 03:23:08",155.916,3,vacantdaniel
2424,16085345,"Farly Setiawan","2026-05-26 22:02:45",158.740,4,farlysetiawan
2425,15875823,Raphaël,"2026-05-27 13:53:46",161.310,4,rapfff
2426,15985614,"Syukur Daulay","2026-06-01 17:55:55",162.095,26,syukurdaulay
2427,15873778,EZEKIEL-OSOO,"2026-05-06 13:33:10",164.816,5,ezekielosoo
2428,16103641,"Norberto Jarmoluk","2026-06-06 21:21:55",166.840,9,norbertojarmoluk
2429,16233539,CandiceChen6,"2026-06-08 00:06:09",166.958,2,candicechen6
2430,16049146,"mahwiz khalil","2026-05-31 19:11:01",167.422,1,mahwiz
2431,16055499,coder738,"2026-05-24 08:21:44",169.964,3,coder738
2432,15875099,"Arnav Bhagat","2026-05-21 17:15:43",170.330,5,arnavbhagat
2433,15876981,justinlamlamlam,"2026-05-12 22:32:15",171.019,3,"eugenelam1,justinlamlamlam,kebenny"
2434,15886407,"FasterYouChase FasterIRun","2026-05-12 06:32:42",173.169,2,icoguser
2435,15870404,"Keith Zidan Dsouza","2026-05-08 07:40:42",173.484,5,keithzidandsouza
2436,15870733,"Anjaneyulu Chattaboina","2026-05-12 07:28:02",174.818,3,anjumay22
2437,16227866,"Natalia Pavlovskaia","2026-06-07 18:01:28",176.909,3,nebo86
2438,15866187,relax,"2026-05-18 13:30:35",181.210,3,fnhirwa
2439,15920990,"Daniel Elya","2026-05-10 19:05:47",189.236,1,danielelya100
2440,15880690,21011928_python,"2026-05-15 01:31:11",199.763,4,wngur0313
2441,15868061,"BNBU Anpeng Yuan","2026-06-08 05:42:21",199.810,1,chesteryuan
2442,15902729,"Muhammad Haaris 27083","2026-05-16 20:42:12",203.539,5,muhammadhaaris27083
2443,15870867,stpete_ishii,"2026-05-10 12:53:14",203.876,20,stpeteishii
2444,15990753,"Balbir Singh","2026-05-17 12:50:21",213.628,1,bsthakur8
2445,15864055,Reigenleif,"2026-05-06 02:17:22",223.459,5,alifamirudinstei
2446,16189273,wavegeba,"2026-06-04 12:00:10",236.174,2,wavegeba
2447,16206014,"Chihong Y","2026-06-06 19:53:30",259.323,1,chihongy
2448,16093900,"pavithra sivanesan","2026-06-06 06:51:53",260.296,13,pavithra1412
2449,15875113,"Kalpesh Lokhande","2026-05-08 07:41:54",264.881,1,kalpeshlokhande12
2450,15869682,"Jelvis Chirinos Jimenez","2026-05-06 13:46:59",267.602,1,jelchi
2451,15869216,"Mahendr Charel","2026-05-08 21:29:54",281.023,5,mahendrcharel
2452,16029106,"Ye Fenghao","2026-06-08 05:10:25",300.624,2,yefenghao
2453,16051961,"Seyed Mohammad Hosseini","2026-05-22 20:10:38",309.859,2,smhoss313
2454,16101419,"Achref Jarray","2026-05-30 21:31:05",354.802,6,achrefjarray
2455,15917774,amolwani2,"2026-05-10 13:40:03",418.442,1,amolwani2
2456,15873964,"Rana Nisarg","2026-05-20 13:58:36",469.084,2,rananisarg
2457,16148627,harsh,"2026-06-05 17:25:18",477.049,10,hrdv10
2458,16002017,ash672,"2026-05-17 11:39:50",569.144,1,ash672
2459,15995531,"Fares Rafat","2026-05-29 21:48:16",633.944,4,faresrafat
2460,16207887,"Clawdy Huang (Andy's AI)","2026-06-06 12:45:08",644.737,6,clawdyhuang
2461,16127736,"Rudra Bedekar","2026-05-31 17:41:36",665.449,3,rudrabedekar
2462,15916147,kigasudayooo,"2026-05-28 16:48:34",665.549,4,argon1215
2463,15873242,"Tree Bird Tree Bird","2026-05-17 16:52:38",666.061,17,treebirdtreebird
2464,16071547,"Felix Köster","2026-05-25 10:52:00",666.231,5,felixkster
2465,15996672,DmitriyNikitenkov,"2026-05-30 08:57:33",666.310,8,dmitriynikitenkov
2466,15865207,"Haocheng Lin","2026-05-14 17:57:05",666.670,1,haochenglin
2467,16073329,"Bala Kumar","2026-05-25 16:51:59",666.865,5,balakumaribt
2468,15884596,"Alif Alifr4","2026-06-06 01:51:41",667.130,5,alifalifr4
2469,15947282,8000$,"2026-05-26 15:50:07",674.885,11,"cuniverse31,leejinwoo1,leeyunjin113"
2470,15866477,"Enrique Meza","2026-05-06 19:10:05",679.928,7,emezac
2471,16256174,"yixin Liu1009","2026-06-07 07:20:56",682.661,1,yixinliu1009
2472,15875838,marianna_ch,"2026-05-06 15:19:05",688.889,2,mariannach
2473,15865597,JeffFosterUK,"2026-05-06 17:21:38",688.889,2,jefffosteruk
2474,15910365,"SIDDHARTH KUMAR","2026-05-10 08:46:30",688.889,6,siddharth16592
2475,15877526,"Sahil Deogade","2026-05-17 07:13:39",688.889,1,sdeogade
2476,16029175,"BNBU GROUP","2026-05-21 07:42:02",688.889,3,"fancysix,hongdouyys,marinesci,v530203014"
2477,15873475,"Irina Fayzrakhmanova","2026-06-07 11:19:11",688.889,12,irinafayzrakhmanova
2478,16137138,"PHIL CHEN 0806","2026-06-07 06:03:52",696.132,1,philchen0806
2479,16048023,"Ιωάννης Σταμελιάς","2026-06-01 10:36:20",698.495,5,giannhsstamelias
2480,15867579,"Mirza Milan Farabi","2026-05-08 02:14:02",699.978,10,mirzamilanfarabi
2481,16096509,"VIJAY SUNDAR","2026-05-30 04:06:47",721.827,1,vjsundar
2482,15885231,Saurav,"2026-05-09 15:39:50",725.490,4,sauravchat
2483,15918290,"Prakhar Pande","2026-05-10 14:17:05",733.407,2,prakharpande
2484,16053334,LuckyC,"2026-06-02 01:02:11",757.252,7,wellheykaggle
2485,15944723,"Leonardo Barroso","2026-06-04 11:15:24",813.073,21,leonardobarroso
2486,15898681,"Yash Kumar Saini","2026-05-13 07:55:22",829.586,6,yashkumarsainiiiitde
2487,16088611,"Dinesh Reddy 08","2026-05-29 05:29:33",843.761,3,dineshreddy08
2488,16076434,SARVAGRA,"2026-05-30 09:56:41",854.581,2,sarvagra
2489,15991267,Karthikeyaa_6274,"2026-06-03 06:24:28",900.068,4,karthikeyaa6274
2490,16064629,"Drive Kitsanatron","2026-05-24 20:15:59",901.846,3,dominicfansisici
2491,16100330,Nikita,"2026-06-06 17:18:45",905.580,8,nikitagajbhiye30
2492,15906138,"MUKUL PRASAD","2026-05-29 06:25:13",907.198,2,mukulprasad958
2493,16025969,FarahsD,"2026-06-06 14:10:05",911.654,6,farahsd
2494,16149329,rumbling_b,"2026-06-05 18:18:21",939.321,4,rumblingb
2495,16079159,"Chaitanya Jamble","2026-05-26 08:54:23",946.454,3,chaitanyajamble
2496,15999668,"khawer khan2","2026-05-19 07:18:29",979.634,6,khawerkhan2
2497,15989925,"Eric Lucas","2026-05-19 07:12:49",1039.783,3,erictlucas
2498,16045049,"Shardul Pingale","2026-06-04 20:09:15",1142.382,15,shardulpingale
2499,16019102,"camelia aylan","2026-05-19 13:58:25",1249.892,3,cameliaaylan
2500,15910772,"Anubhav Tyagi1212","2026-05-11 04:17:03",1332.268,8,anubhavtyagi1212
2501,15894254,zxyaids,"2026-05-09 06:14:21",1348.793,1,zxyswds
2502,15866722,"Mehmood Bhutta","2026-05-29 19:17:47",1383.751,2,mehmoodbhutta
2503,16183656,wwwwii,"2026-06-03 12:58:56",1383.998,1,wwwwii00
2504,15903481,"kudom Kouhh","2026-05-15 23:57:44",1547.196,7,kudomkouhh
2505,15868131,statstriker,"2026-05-18 09:04:04",1612.110,3,statstriker
2506,15910881,Tmasa09,"2026-05-09 15:59:56",1792.775,1,tmasa09
2507,15864859,"Heba Ismael Hassan ","2026-05-11 13:54:22",1891.856,3,hebaismaelhassan
2508,16117916,"Simon Kuang","2026-05-30 18:52:07",2180.289,1,skuang64
2509,16089147,nrschlies,"2026-05-28 21:34:08",3097.721,3,nrschlies
2510,15972422,"RISU RAJ","2026-05-15 08:01:49",8993.049,1,rishi412
2511,16253386,"PANDIRI ARYAN REDDY","2026-06-06 17:57:28",10433.670,1,pandiriaryanreddy
2512,16086772,Sean,"2026-06-02 19:10:55",10554.771,10,seanitoo
2513,16004703,20211117,"2026-05-22 13:56:01",11030.222,1,heebahsaleem
2514,16062481,"Arun R.noa","2026-05-30 14:02:02",11409.340,1,zorornoa
2515,15919054,"Enter your display name","2026-05-11 13:38:45",11548.960,2,a3616815138
2516,15865279,"Taylor Clark","2026-06-05 04:04:47",11551.456,15,taylorclark637
2517,15865410,"Mohamed Bentalb","2026-05-13 16:49:27",11551.955,5,mohamedbentalb
2518,15992071,"Sean Lode","2026-05-17 05:38:23",11551.955,5,seanlode
2519,15992368,Utiliz_Tolog,"2026-05-18 07:04:11",11551.955,2,rudispresence
2520,15895352,"Wagner Toscano","2026-06-05 12:49:27",11551.955,5,wagnertoscano
2521,16056526,JirapatJoon,"2026-05-23 14:03:56",11551.955,2,jirapatjoon
2522,16133788,"lulu done","2026-05-31 15:25:36",11551.955,1,luludone
2523,16195290,"Raunak Kumar","2026-06-04 12:38:00",11551.955,5,raunakkr1996
2524,16232601,"Mohit Kewalramani","2026-06-04 19:26:17",11551.955,1,mohitkewalramani
2525,16235532,"Aswin Paul","2026-06-05 03:32:08",11551.955,1,aswinpaule
2526,15867661,Takoi,"2026-06-07 20:52:34",11551.955,3,takoihiraokazu
2527,16059001,"Redouane Benadla","2026-05-29 22:24:11",14763.595,5,redouanebenadla
